database,table,column,NON_NULL,MIN_DATE,MAX_DATE
DATA0001,DOCEVENT,LOG_DATE,34,2025-01-13 13:48:34,2025-12-29 10:50:00
DATA0001,DOCSTORE,LOG_DATE,7387,2015-03-11 09:24:27,2025-08-05 08:03:00
DATA0001,EKASA_LOG,ISSUEDATE,0,,
DATA0001,EKASA_LOG,LOG_DATE,26510,2019-06-30 20:25:38,2025-01-10 10:30:08
DATA0001,EKASA_LOG,DATUM,26510,2019-06-30,2025-01-10
DATA0001,EMAILLST,LOG_DATE,1163,2015-04-23 11:58:12,2025-08-19 12:01:25
DATA0001,FAKPR,DATVYSTAVE,16403,2010-01-05,2025-01-01
DATA0001,FAKPR,DATZDANPLN,16207,2010-01-05,2025-01-01
DATA0001,FAKPR,DATDANPOV,145,2010-08-30,2024-05-15
DATA0001,FAKPR,DATSPLATNO,16403,2010-01-12,2025-02-22
DATA0001,FAKPR,DATDODANI,32,2010-12-31,2024-05-13
DATA0001,FAKPR,DATOBJED,72,2010-10-12,2024-06-14
DATA0001,FAKPR,LOG_DATE,16403,2010-09-11 23:38:59,2025-01-03 10:18:56
DATA0001,FAKVY,DATVYSTAVE,25167,2010-01-26,2024-12-31
DATA0001,FAKVY,DATZDANPLN,25054,2010-01-26,2024-12-30
DATA0001,FAKVY,DATSPLATNO,25167,2010-02-15,2025-02-13
DATA0001,FAKVY,DATDODANI,130,2012-10-10,2024-11-06
DATA0001,FAKVY,DATOBJED,292,2010-01-12,2024-11-26
DATA0001,FAKVY,LOG_DATE,25167,2010-09-11 23:38:59,2024-12-31 11:26:24
DATA0001,FIRLOG,LOG_DATE,1070,2019-06-12 09:58:18,2026-09-25 11:34:22
DATA0001,FIRLOG,DATUMDOKL,1070,2010-01-26,2026-09-25
DATA0001,FIRLOG,DATUMJINE,0,,
DATA0001,MOARCHIV,DATCAS,56345,2011-01-03 09:07:20,2025-01-10 10:29:45
DATA0001,MOUZAVERKY,DATCAS,3171,2011-01-03 08:41:03,2024-12-31 23:59:59
DATA0001,OBJPR,ORIGDATUM,1,2021-06-16,2021-06-16
DATA0001,OBJPR,DATUM,1312,2011-09-20,2024-12-17
DATA0001,OBJPR,DODLEHOTA,33,2012-12-31,2024-12-31
DATA0001,OBJPR,DATODESLANI,1258,2011-09-20,2024-12-17
DATA0001,OBJPR,LOG_DATE,1312,2011-09-20 16:09:13,2024-12-17 11:12:57
DATA0001,OBJVY,ORIGDATUM,0,,
DATA0001,OBJVY,DATUM,4598,2010-02-15,2025-01-03
DATA0001,OBJVY,DODLEHOTA,1,2023-05-15,2023-05-15
DATA0001,OBJVY,DATODESLANI,4345,2009-07-06,2025-08-19
DATA0001,OBJVY,LOG_DATE,4599,2010-09-11 23:39:00,2025-01-03 15:05:07
DATA0001,OSPOH,DATVYSTAVE,8519,2014-01-07,2024-12-19
DATA0001,OSPOH,DATSPLATNO,8519,2014-01-21,2025-01-02
DATA0001,OSPOH,DATZDANPLN,8519,2014-01-07,2024-12-19
DATA0001,OSPOH,DATDODANI,0,,
DATA0001,OSPOH,LOG_DATE,8519,2014-01-07 08:44:53,2024-12-19 12:40:54
DATA0001,PENDE,DATUM,23769,2010-01-05,2025-01-02
DATA0001,POKL,DATVYSTAVE,207,2010-01-05,2024-11-15
DATA0001,POKL,DATZDANPLN,207,2010-01-05,2024-11-15
DATA0001,POKL,DATDANPOV,0,,
DATA0001,POKL,DATDODANI,0,,
DATA0001,POKL,LOG_DATE,207,2010-09-22 09:04:01,2024-11-15 10:59:40
DATA0001,SKKARINV,DATUM,20,2011-12-30,2024-12-31
DATA0001,SKKARINV,DATAKTSKPOH,20,2012-01-05 15:24:15,2025-01-06 13:58:51
DATA0001,SKKARINV,DATGENFIFO,0,,
DATA0001,SKKARINV,DATAKTFIFO,20,2012-01-05 15:24:15,2025-01-06 13:58:51
DATA0001,SKKARINV,LOG_DATE,20,2015-03-09 17:32:45,2025-01-06 09:20:02
DATA0001,SKPOH,DATUM,123425,2010-01-21,2025-01-10
DATA0001,SKPOH,ORDDATCAS,123425,2010-01-21 15:03:00,2025-01-10 10:29:00
DATA0001,SKPOH,DATOBJED,580,2010-01-12,2024-11-26
DATA0001,SKPOH,ORIGDATUM,4,2022-05-18,2024-07-31
DATA0001,SKPOH,DATDODANI,46,2012-09-21,2024-12-10
DATA0001,SKPOH,DTODJEZD,0,,
DATA0001,SKPOH,DATUMIS,0,,
DATA0001,SKPOH,LOG_DATE,123425,2010-09-11 23:39:01,2025-01-10 10:29:46
DATA0001,SKPOH,UPD_DATE,37645,2021-02-16 11:59:33,2025-01-27 07:45:29
DATA0001,SKPOH,DATODESLANI,42267,2022-07-06,2025-03-21
DATA0001,SKPOH,DATODJEZD,0,,
DATA0001,ZAPOCTY,DATVYSTAVE,30,2016-09-05,2024-12-04
DATA0001,ZAPOCTY,LOG_DATE,30,2016-09-05 15:02:31,2024-12-04 15:36:37
DATA0002,FAKPR,DATVYSTAVE,779,2010-01-05,2011-12-30
DATA0002,FAKPR,DATZDANPLN,774,2010-01-05,2011-12-30
DATA0002,FAKPR,DATDANPOV,26,2010-08-30,2011-12-30
DATA0002,FAKPR,DATSPLATNO,779,2010-01-12,2012-12-05
DATA0002,FAKPR,DATDODANI,1,2010-12-31,2010-12-31
DATA0002,FAKPR,DATOBJED,58,2010-10-12,2011-03-28
DATA0002,FAKPR,LOG_DATE,779,2010-09-11 23:38:59,2012-01-04 12:59:36
DATA0002,FAKVY,DATVYSTAVE,1269,2010-01-26,2011-12-28
DATA0002,FAKVY,DATZDANPLN,1261,2010-01-26,2011-12-28
DATA0002,FAKVY,DATSPLATNO,1269,2010-02-15,2012-02-18
DATA0002,FAKVY,DATDODANI,0,,
DATA0002,FAKVY,DATOBJED,122,2010-01-12,2011-11-17
DATA0002,FAKVY,LOG_DATE,1269,2010-09-11 23:38:59,2019-01-07 14:16:14
DATA0002,FIRLOG,LOG_DATE,2,2021-01-26 08:14:51,2021-01-26 08:14:51
DATA0002,FIRLOG,DATUMDOKL,2,2021-01-26,2021-01-26
DATA0002,FIRLOG,DATUMJINE,0,,
DATA0002,MOARCHIV,DATCAS,3565,2011-01-03 09:07:20,2012-04-03 09:04:09
DATA0002,MOUZAVERKY,DATCAS,260,2010-09-13 12:47:48,2011-12-30 14:17:53
DATA0002,OBJPR,ORIGDATUM,0,,
DATA0002,OBJPR,DATUM,1,2011-09-20,2011-09-20
DATA0002,OBJPR,DODLEHOTA,0,,
DATA0002,OBJPR,DATODESLANI,1,2011-09-20,2011-09-20
DATA0002,OBJPR,LOG_DATE,1,2011-09-20 16:09:13,2011-09-20 16:09:13
DATA0002,OBJVY,ORIGDATUM,0,,
DATA0002,OBJVY,DATUM,320,2010-02-15,2011-12-27
DATA0002,OBJVY,DODLEHOTA,0,,
DATA0002,OBJVY,DATODESLANI,201,2009-07-06,2011-12-27
DATA0002,OBJVY,LOG_DATE,320,2010-09-11 23:39:00,2011-12-27 11:46:13
DATA0002,PENDE,DATUM,1696,2010-01-05,2012-01-05
DATA0002,POKL,DATVYSTAVE,16,2010-01-05,2011-10-17
DATA0002,POKL,DATZDANPLN,16,2010-01-05,2011-10-17
DATA0002,POKL,DATDANPOV,0,,
DATA0002,POKL,DATDODANI,0,,
DATA0002,POKL,LOG_DATE,16,2010-09-22 09:04:01,2011-10-17 14:44:25
DATA0002,SKKARINV,DATUM,2,2011-12-30,2020-10-15
DATA0002,SKKARINV,DATAKTSKPOH,2,2012-01-05 15:24:15,2020-10-15 15:41:56
DATA0002,SKKARINV,DATGENFIFO,0,,
DATA0002,SKKARINV,DATAKTFIFO,2,2012-01-05 15:24:15,2020-10-15 15:41:56
DATA0002,SKKARINV,LOG_DATE,2,2015-03-09 17:35:10,2020-10-15 15:41:34
DATA0002,SKPOH,DATUM,8330,2010-01-21,2012-04-03
DATA0002,SKPOH,ORDDATCAS,8330,2010-01-21 15:03:00,2012-04-03 09:04:00
DATA0002,SKPOH,DATOBJED,403,2010-01-12,2011-11-17
DATA0002,SKPOH,ORIGDATUM,0,,
DATA0002,SKPOH,DATDODANI,0,,
DATA0002,SKPOH,DATUMIS,0,,
DATA0002,SKPOH,LOG_DATE,8330,2010-09-11 23:39:01,2012-04-03 09:04:09
DATA0002,SKPOH,UPD_DATE,0,,
DATA0003,DOCEVENT,LOG_DATE,3995,2025-01-07 10:13:57,2026-09-25 10:28:14
DATA0003,DOCSTORE,LOG_DATE,1890,2019-09-16 13:42:33,2026-09-24 15:01:36
DATA0003,EKASA_LOG,ISSUEDATE,0,,
DATA0003,EKASA_LOG,LOG_DATE,31359,2019-06-30 20:25:38,2026-09-25 15:28:34
DATA0003,EKASA_LOG,DATUM,31359,2019-06-30,2026-09-25
DATA0003,EMAILLST,LOG_DATE,1813,2015-04-23 11:58:12,2026-09-24 12:31:36
DATA0003,FAKPR,DATVYSTAVE,2750,2011-04-18,2026-09-25
DATA0003,FAKPR,DATZDANPLN,2700,2016-02-26,2026-09-25
DATA0003,FAKPR,DATDANPOV,0,,
DATA0003,FAKPR,DATSPLATNO,2750,2011-05-02,2026-11-17
DATA0003,FAKPR,DATDODANI,3,2024-12-31,2026-04-08
DATA0003,FAKPR,DATOBJED,19,2016-05-11,2026-04-20
DATA0003,FAKPR,LOG_DATE,2750,2011-04-18 12:00:00,2026-09-25 14:36:14
DATA0003,FAKVY,DATVYSTAVE,4108,2010-02-22,2026-09-25
DATA0003,FAKVY,DATZDANPLN,4077,2012-10-29,2026-09-25
DATA0003,FAKVY,DATSPLATNO,4108,2010-02-22,2026-12-28
DATA0003,FAKVY,DATDODANI,44,2005-05-30,2026-09-21
DATA0003,FAKVY,DATOBJED,135,2024-10-17,2026-09-16
DATA0003,FAKVY,LOG_DATE,4108,2010-09-11 23:38:59,2026-09-25 10:27:59
DATA0003,FIRLOG,LOG_DATE,5483,2019-06-12 09:58:18,2026-09-27 04:30:02
DATA0003,FIRLOG,DATUMDOKL,5480,2010-01-26,2026-09-27
DATA0003,FIRLOG,DATUMJINE,175,2025-05-29,2026-10-31
DATA0003,MOARCHIV,DATCAS,62101,2011-01-03 09:07:20,2026-09-25 15:27:21
DATA0003,MOUZAVERKY,DATCAS,3622,2011-01-03 08:41:03,2026-09-25 16:13:18
DATA0003,OBJPR,ORIGDATUM,2,2021-06-16,2026-09-30
DATA0003,OBJPR,DATUM,1980,2011-09-20,2026-09-25
DATA0003,OBJPR,DODLEHOTA,53,2012-12-31,2026-10-31
DATA0003,OBJPR,DATODESLANI,1926,2011-09-20,2026-09-25
DATA0003,OBJPR,LOG_DATE,1984,2011-09-20 16:09:13,2026-09-25 08:08:44
DATA0003,OBJVY,ORIGDATUM,0,,
DATA0003,OBJVY,DATUM,5558,2010-02-15,2026-09-25
DATA0003,OBJVY,DODLEHOTA,1,2023-05-15,2023-05-15
DATA0003,OBJVY,DATODESLANI,5330,2010-09-29,2026-09-24
DATA0003,OBJVY,LOG_DATE,5559,2010-09-11 23:39:00,2026-09-25 13:30:19
DATA0003,OSPOH,DATVYSTAVE,8632,2014-01-07,2026-06-16
DATA0003,OSPOH,DATSPLATNO,8632,2014-01-21,2026-06-30
DATA0003,OSPOH,DATZDANPLN,8632,2014-01-07,2026-06-16
DATA0003,OSPOH,DATDODANI,0,,
DATA0003,OSPOH,LOG_DATE,8632,2014-01-07 08:44:53,2026-06-16 14:35:35
DATA0003,PENDE,DATUM,3817,2011-04-18,2026-09-25
DATA0003,POKL,DATVYSTAVE,19,2025-01-20,2026-09-04
DATA0003,POKL,DATZDANPLN,19,2025-01-20,2026-09-04
DATA0003,POKL,DATDANPOV,0,,
DATA0003,POKL,DATDODANI,0,,
DATA0003,POKL,LOG_DATE,19,2025-01-20 08:26:42,2026-09-04 08:37:30
DATA0003,SKKARINV,DATUM,22,2011-12-30,2025-12-31
DATA0003,SKKARINV,DATAKTSKPOH,22,2012-01-05 15:24:15,2026-01-06 08:30:18
DATA0003,SKKARINV,DATGENFIFO,0,,
DATA0003,SKKARINV,DATAKTFIFO,22,2012-01-05 15:24:15,2026-01-06 08:30:18
DATA0003,SKKARINV,LOG_DATE,22,2015-03-09 17:32:45,2026-01-05 10:11:38
DATA0003,SKPOH,DATUM,75155,2011-01-03,2026-09-25
DATA0003,SKPOH,ORDDATCAS,75155,2011-01-03 09:07:00,2026-09-25 15:27:00
DATA0003,SKPOH,DATOBJED,149,2024-12-10,2026-09-16
DATA0003,SKPOH,ORIGDATUM,1,2025-07-28,2025-07-28
DATA0003,SKPOH,DATDODANI,0,,
DATA0003,SKPOH,DTODJEZD,0,,
DATA0003,SKPOH,DATUMIS,0,,
DATA0003,SKPOH,LOG_DATE,75155,2011-01-03 09:07:21,2026-09-25 15:27:22
DATA0003,SKPOH,UPD_DATE,73905,2025-01-06 15:26:05,2026-09-25 15:31:35
DATA0003,SKPOH,DATODESLANI,61152,2022-07-07,2026-09-25
DATA0003,SKPOH,DATODJEZD,0,,
DATA0003,ZAPOCTY,DATVYSTAVE,44,2020-04-15,2025-12-29
DATA0003,ZAPOCTY,LOG_DATE,44,2020-04-15 10:45:49,2025-12-29 10:03:42
