CHILD_TABLE,CONSTRAINT_NAME,CHILD_COLUMN,PARENT_TABLE,PARENT_COLUMN,COLUMN_POSITION,UPDATE_RULE,DELETE_RULE
ADRES,ADRES_FK_BANKY,IDBANKY,BANKY,IDR,0,RESTRICT,SET NULL
ADRES,ADRES_FK_CENSKUP,CENSKUP,CENSKUP,CISLO,0,CASCADE,RESTRICT
ADRES,ADRES_FK_DAN_URAD,DAN_URAD,DANURADY,CISLO,0,CASCADE,SET NULL
ADRES,ADRES_FK_DLINHPROF,DLINHPROF,PROFILY,IDR,0,RESTRICT,SET NULL
ADRES,ADRES_FK_FAKINHPROF,FAKINHPROF,PROFILY,IDR,0,RESTRICT,SET NULL
ADRES,ADRES_FK_FAKSTRED,FAKSTRED,STREDIS,CISLO,0,CASCADE,SET NULL
ADRES,ADRES_FK_FAKVYTEX,IDDODTXT,FAKVYTEX,IDR,0,RESTRICT,SET NULL
ADRES,ADRES_FK_ICOPRIJ,ICOPRIJ,ADRES,ICO,0,CASCADE,RESTRICT
ADRES,ADRES_FK_KODSTAT,KODSTAT,STATY,KOD,0,CASCADE,SET NULL
ADRES,ADRES_FK_KONTAKTY,IDKONTAKT,KONTAKTY,IDR,0,RESTRICT,SET NULL
ADRES,ADRES_FK_PDPOHYBYFP,PDSYNTETFP,PDPOHYBY,SYNTET,0,CASCADE,SET NULL
ADRES,ADRES_FK_PDPOHYBYFP,PDANALYTFP,PDPOHYBY,ANALYT,1,CASCADE,SET NULL
ADRES,ADRES_FK_PDPOHYBYFV,PDSYNTETFV,PDPOHYBY,SYNTET,0,CASCADE,SET NULL
ADRES,ADRES_FK_PDPOHYBYFV,PDANALYTFV,PDPOHYBY,ANALYT,1,CASCADE,SET NULL
ADRES,ADRES_FK_UDPREDKFP,UDPREDKFP,POLUCDE,CISLO,0,CASCADE,SET NULL
ADRES,ADRES_FK_UDPREDKFV,UDPREDKFV,POLUCDE,CISLO,0,CASCADE,SET NULL
ADRESBAN,ADRESBAN_FK_IDRADR,IDRADR,ADRES,IDRADR,0,RESTRICT,CASCADE
ADRESBAN,ADRESBAN_FK_KODSTAT,KODSTAT,STATY,KOD,0,CASCADE,RESTRICT
ADRESBAN,ADRESBAN_FK_MENA,MENA,MENY,KOD,0,CASCADE,RESTRICT
ADRESGDPR,ADRESGDPR_FK_IDRADR,IDRADR,ADRES,IDRADR,0,RESTRICT,CASCADE
ADRESGDPR,ADRESGDPR_FK_KOD,KOD,GDPREVENT,KOD,0,CASCADE,RESTRICT
ADRESKON,ADRES_FK_IDRADR,IDRADR,ADRES,IDRADR,0,RESTRICT,CASCADE
ADRESKON,ADRES_FK_IDRKON,IDRKON,KONTAKTY,IDR,0,RESTRICT,CASCADE
AKTAG,AKTAG_FK_ADRES,ID_AD,ADRES,IDRADR,0,RESTRICT,CASCADE
AKTAG,AKTAG_FK_AKTIVITY,ID_AK,AKTIVITY,IDRM,0,RESTRICT,CASCADE
AKTAG,AKTAG_FK_DMAJET,ID_MD,DMAJET,IDR,0,RESTRICT,CASCADE
AKTAG,AKTAG_FK_FAKPR,ID_FP,FAKPR,IDFAK,0,RESTRICT,CASCADE
AKTAG,AKTAG_FK_FAKVY,ID_FV,FAKVY,IDFAK,0,RESTRICT,CASCADE
AKTAG,AKTAG_FK_INTDOK,ID_ID,INTDOK,IDMR,0,RESTRICT,CASCADE
AKTAG,AKTAG_FK_KONTAKTY,ID_KT,KONTAKTY,IDR,0,RESTRICT,CASCADE
AKTAG,AKTAG_FK_MAJET,ID_MJ,MAJET,IDR,0,RESTRICT,CASCADE
AKTAG,AKTAG_FK_MXIDPOMERU,ID_MP,MXIDPOMERU,ID_POMERU,0,RESTRICT,CASCADE
AKTAG,AKTAG_FK_OBJPR,ID_OP,OBJPR,IDOBJ,0,RESTRICT,CASCADE
AKTAG,AKTAG_FK_OBJVY,ID_OV,OBJVY,IDOBJ,0,RESTRICT,CASCADE
AKTAG,AKTAG_FK_OPRAVY,ID_OR,OPRAVY,IDOPR,0,RESTRICT,CASCADE
AKTAG,AKTAG_FK_OSPOH,ID_PH,OSPOH,IDPZ,0,RESTRICT,CASCADE
AKTAG,AKTAG_FK_OSZAV,ID_ZV,OSZAV,IDPZ,0,RESTRICT,CASCADE
AKTAG,AKTAG_FK_PENDE,ID_DE,PENDE,IDPD,0,RESTRICT,CASCADE
AKTAG,AKTAG_FK_POKL,ID_PK,POKL,IDPOKDOK,0,RESTRICT,CASCADE
AKTAG,AKTAG_FK_SKKAR,ID_SK,SKKAR,IDR,0,RESTRICT,CASCADE
AKTAG,AKTAG_FK_SKPOH,ID_SP,SKPOH,IDPOH,0,RESTRICT,CASCADE
AKTAG,AKTAG_FK_SMLOUVYPR,ID_LP,SMLOUVYPR,IDR,0,RESTRICT,CASCADE
AKTAG,AKTAG_FK_SMLOUVYVY,ID_LV,SMLOUVYVY,IDR,0,RESTRICT,CASCADE
AKTAG,AKTAG_FK_UCDE,ID_UD,UCDE,IDUCDE,0,RESTRICT,CASCADE
AKTAG,AKTAG_FK_ZAKAZKA,ID_ZK,ZAKAZKA,IDR,0,RESTRICT,CASCADE
AKTAG,AKTAG_FK_ZAPOCTY,ID_ZP,ZAPOCTY,IDZAPOC,0,RESTRICT,CASCADE
AKTIVITKON,AKTIVITKON_FK_IDRKON,IDRKON,KONTAKTY,IDR,0,RESTRICT,CASCADE
AKTIVITKON,AKTIVITKON_FK_IDRM,IDRM,AKTIVITY,IDRM,0,RESTRICT,CASCADE
AKTIVITUSR,AKTIVITUSR_FK_IDRM,IDRM,AKTIVITY,IDRM,0,RESTRICT,CASCADE
AKTIVITUSR,AKTIVITUSR_FK_USERID,USERID,FIRPRPR,IDENTIF,0,RESTRICT,CASCADE
AKTIVITY,AKTIVITY_FK_ADRES,ICO,ADRES,ICO,0,CASCADE,SET NULL
AKTIVITY,AKTIVITY_FK_CISLO_ZAK,CISLO_ZAK,ZAKAZKA,CISLO,0,CASCADE,RESTRICT
AKTIVITY,AKTIVITY_FK_PROJEKTY,PROJEKT,PROJEKTY,CISLO,0,CASCADE,SET NULL
AKTIVITY,AKTIVITY_FK_STREDIS,STREDISKO,STREDIS,CISLO,0,CASCADE,RESTRICT
AKTIVITY,AKTIVITY_FK_TYPAKTIV,TYPAKTIV,TYPAKTIVIT,KOD,0,CASCADE,RESTRICT
AUTA,AUTA_FK_PHM,PALIVO,PHM,DRUH,0,CASCADE,RESTRICT
AUTA,AUTA_FK_PHM,PALIVO_MJ,PHM,MJ,1,CASCADE,RESTRICT
BANKY,BANKY_FK_KODSTAT,KODSTAT,STATY,KOD,0,CASCADE,RESTRICT
BANKY,BANKY_FK_MENA,MENA,MENY,KOD,0,CASCADE,RESTRICT
BANKY,BANKY_FK_OSNOVA,SYNTET,OSNOVA,SYNTET,0,CASCADE,RESTRICT
BANKY,BANKY_FK_OSNOVA,ANALYT,OSNOVA,ANALYT,1,CASCADE,RESTRICT
BANKY,BANKY_FK_STREDIS,STREDISKO,STREDIS,CISLO,0,CASCADE,RESTRICT
BANOBRAT,BANOBRAT_FK_BANOBRAT,IDRM,BANOBRAT,IDR,0,RESTRICT,CASCADE
BANOBRAT,BANOBRAT_FK_BANVYPIS,IDVYP,BANVYPIS,IDVYP,0,RESTRICT,CASCADE
BANOBRAT,BANOBRAT_FK_FAKPRUHR,IDUHR_FP,FAKPRUHR,IDR,0,RESTRICT,SET NULL
BANOBRAT,BANOBRAT_FK_FAKVYUHR,IDUHR_FV,FAKVYUHR,IDR,0,RESTRICT,SET NULL
BANOBRAT,BANOBRAT_FK_IDPENDE,IDPENDE,PENDE,IDPD,0,RESTRICT,SET NULL
BANOBRAT,BANOBRAT_FK_IDUCDEPOL,IDUCDEPOL,UCDEPOL,IDR,0,RESTRICT,SET NULL
BANOBRAT,BANOBRAT_FK_MENA,MENA,MENY,KOD,0,CASCADE,RESTRICT
BANOBRAT,BANOBRAT_FK_OBJPR,IDPAR_OP,OBJPR,IDOBJ,0,CASCADE,SET NULL
BANOBRAT,BANOBRAT_FK_OSPOHUHR,IDUHR_PH,OSPOHUHR,IDR,0,RESTRICT,SET NULL
BANOBRAT,BANOBRAT_FK_OSZAVUHR,IDUHR_ZV,OSZAVUHR,IDR,0,RESTRICT,SET NULL
BANOBRAT,BANOBRAT_FK_PDPOHYBY,PDSYNTET,PDPOHYBY,SYNTET,0,CASCADE,SET NULL
BANOBRAT,BANOBRAT_FK_PDPOHYBY,PDANALYT,PDPOHYBY,ANALYT,1,CASCADE,SET NULL
BANOBRAT,BANOBRAT_FK_TYP_POL,TYP_POL,TYPYPOL,KOD,0,CASCADE,RESTRICT
BANOBRAT,BANOBRAT_FK_UCDE,IDUHR_UD,UCDE,IDUCDE,0,RESTRICT,SET NULL
BANVYPIS,BANVYPIS_FK_BANKY,IDBANKY,BANKY,IDR,0,RESTRICT,RESTRICT
BANVYPIS,BANVYPIS_FK_MENA,MENA,MENY,KOD,0,CASCADE,RESTRICT
BVPROFIL,BVPROFIL_FK_USERID,USERID,FIRPRPR,IDENTIF,0,RESTRICT,CASCADE
BVPROFILP,BVPROFILP_FK_REFID,REFID,BVPROFIL,IDR,0,RESTRICT,CASCADE
CENINY,CENINY_FK_STREDIS,STREDISKO,STREDIS,CISLO,0,CASCADE,RESTRICT
CENSKUPPOL,CENSKUPPOL_FK_CISKAT,CISKAT,SKKARKAT,CISKAT,0,CASCADE,CASCADE
CENSKUPPOL,CENSKUPPOL_FK_CISLOKAR,CISLOKAR,SKKAR,CISLO,0,CASCADE,CASCADE
CENSKUPPOL,CENSKUPPOL_FK_IDRCS,IDRCS,CENSKUP,IDR,0,RESTRICT,CASCADE
CENSKUPPOL,CENSKUPPOL_FK_MENA,MENA,MENY,KOD,0,CASCADE,CASCADE
CENSKUPPOL,CENSKUPPOL_FK_SKUPINA,SKUPINA,SKKARSKU,SKUPINA,0,CASCADE,CASCADE
CENSKUPPOL,CENSKUPPOL_FK_TYP_POL,TYP_POL,TYPYPOL,KOD,0,CASCADE,CASCADE
CISPOKL,CISPOKL_FK_MENY,MENA,MENY,KOD,0,CASCADE,RESTRICT
CISPOKL,CISPOKL_FK_OSNOVA,SYNTET,OSNOVA,SYNTET,0,CASCADE,SET NULL
CISPOKL,CISPOKL_FK_OSNOVA,ANALYT,OSNOVA,ANALYT,1,CASCADE,SET NULL
CISPOKL,CISPOKL_FK_STREDIS,STREDISKO,STREDIS,CISLO,0,CASCADE,RESTRICT
DEFPREDKONT,DEFPREDKONT_FK_FIRPRPR,USERID,FIRPRPR,IDENTIF,0,RESTRICT,CASCADE
DEFPREDKONT,DEFPREDKONT_FK_OSNOVA_DAL,DALS,OSNOVA,SYNTET,0,CASCADE,RESTRICT
DEFPREDKONT,DEFPREDKONT_FK_OSNOVA_DAL,DALA,OSNOVA,ANALYT,1,CASCADE,RESTRICT
DEFPREDKONT,DEFPREDKONT_FK_OSNOVA_MADAT,MADATS,OSNOVA,SYNTET,0,CASCADE,RESTRICT
DEFPREDKONT,DEFPREDKONT_FK_OSNOVA_MADAT,MADATA,OSNOVA,ANALYT,1,CASCADE,RESTRICT
DMAJET,DMAJET_FK_EMMISTA,STREDISKO,EMMISTA,STREDISKO,0,CASCADE,RESTRICT
DMAJET,DMAJET_FK_EMMISTA,MISTO,EMMISTA,MISTO,1,CASCADE,RESTRICT
DMAJET,DMAJET_FK_EMVOLKAT1,VOLKAT1,EMVOLKAT1,NAZEV,0,CASCADE,RESTRICT
DMAJET,DMAJET_FK_EMVOLKAT2,VOLKAT2,EMVOLKAT2,NAZEV,0,CASCADE,RESTRICT
DOCEVENT,DOCEVENT_FK_FAKVY,ID_FV,FAKVY,IDFAK,0,RESTRICT,CASCADE
DOCEVENT,DOCEVENT_FK_SKPOH,ID_SP,SKPOH,IDPOH,0,RESTRICT,CASCADE
DOCSELECT,DOCSELECT_FK_FAKPR,ID_FP,FAKPR,IDFAK,0,RESTRICT,CASCADE
DOCSELECT,DOCSELECT_FK_FAKVY,ID_FV,FAKVY,IDFAK,0,RESTRICT,CASCADE
DOCSELECT,DOCSELECT_FK_INTDOK,ID_ID,INTDOK,IDMR,0,RESTRICT,CASCADE
DOCSELECT,DOCSELECT_FK_OSPOH,ID_PH,OSPOH,IDPZ,0,RESTRICT,CASCADE
DOCSELECT,DOCSELECT_FK_OSZAV,ID_ZV,OSZAV,IDPZ,0,RESTRICT,CASCADE
DOCSELECT,DOCSELECT_FK_POKL,ID_PK,POKL,IDPOKDOK,0,RESTRICT,CASCADE
DOCSTORED,DOCSTORED_FK_ADRES,ID_AD,ADRES,IDRADR,0,RESTRICT,CASCADE
DOCSTORED,DOCSTORED_FK_AKTIVITY,ID_AK,AKTIVITY,IDRM,0,RESTRICT,CASCADE
DOCSTORED,DOCSTORED_FK_AUTA,ID_JA,AUTA,IDR,0,RESTRICT,CASCADE
DOCSTORED,DOCSTORED_FK_BANVYPIS,ID_BV,BANVYPIS,IDVYP,0,RESTRICT,CASCADE
DOCSTORED,DOCSTORED_FK_DMAJET,ID_MD,DMAJET,IDR,0,RESTRICT,CASCADE
DOCSTORED,DOCSTORED_FK_DOCSTORE,IDRM,DOCSTORE,IDR,0,RESTRICT,CASCADE
DOCSTORED,DOCSTORED_FK_DPHOSSVYK,ID_OS,DPHOSSVYK,IDR,0,RESTRICT,CASCADE
DOCSTORED,DOCSTORED_FK_DPHPRIZ,ID_DP,DPHPRIZ,DPHID,0,RESTRICT,CASCADE
DOCSTORED,DOCSTORED_FK_FAKPR,ID_FP,FAKPR,IDFAK,0,RESTRICT,CASCADE
DOCSTORED,DOCSTORED_FK_FAKVY,ID_FV,FAKVY,IDFAK,0,RESTRICT,CASCADE
DOCSTORED,DOCSTORED_FK_INTDOK,ID_ID,INTDOK,IDMR,0,RESTRICT,CASCADE
DOCSTORED,DOCSTORED_FK_JAZDY,ID_KJ,JAZDY,IDR,0,RESTRICT,CASCADE
DOCSTORED,DOCSTORED_FK_KONTAKTY,ID_KT,KONTAKTY,IDR,0,RESTRICT,CASCADE
DOCSTORED,DOCSTORED_FK_MAJET,ID_MJ,MAJET,IDR,0,RESTRICT,CASCADE
DOCSTORED,DOCSTORED_FK_MXIDPOMERU,ID_MP,MXIDPOMERU,ID_POMERU,0,RESTRICT,CASCADE
DOCSTORED,DOCSTORED_FK_OBJPR,ID_OP,OBJPR,IDOBJ,0,RESTRICT,CASCADE
DOCSTORED,DOCSTORED_FK_OBJVY,ID_OV,OBJVY,IDOBJ,0,RESTRICT,CASCADE
DOCSTORED,DOCSTORED_FK_OPRAVY,ID_OR,OPRAVY,IDOPR,0,RESTRICT,CASCADE
DOCSTORED,DOCSTORED_FK_OSPOH,ID_PH,OSPOH,IDPZ,0,RESTRICT,CASCADE
DOCSTORED,DOCSTORED_FK_OSZAV,ID_ZV,OSZAV,IDPZ,0,RESTRICT,CASCADE
DOCSTORED,DOCSTORED_FK_PENDE,ID_DE,PENDE,IDPD,0,RESTRICT,CASCADE
DOCSTORED,DOCSTORED_FK_POKL,ID_PK,POKL,IDPOKDOK,0,RESTRICT,CASCADE
DOCSTORED,DOCSTORED_FK_PPRIJPOSTA,ID_PR,PPRIJPOSTA,ID_PPRIJPOSTA,0,RESTRICT,CASCADE
DOCSTORED,DOCSTORED_FK_PROJEKTY,ID_CP,PROJEKTY,IDRM,0,RESTRICT,CASCADE
DOCSTORED,DOCSTORED_FK_PZASILKY,ID_ZA,PZASILKY,ID_PZASILKY,0,RESTRICT,CASCADE
DOCSTORED,DOCSTORED_FK_SKKAR,ID_SK,SKKAR,IDR,0,RESTRICT,CASCADE
DOCSTORED,DOCSTORED_FK_SKPOH,ID_SP,SKPOH,IDPOH,0,RESTRICT,CASCADE
DOCSTORED,DOCSTORED_FK_SMLOUVYPR,ID_LP,SMLOUVYPR,IDR,0,RESTRICT,CASCADE
DOCSTORED,DOCSTORED_FK_SMLOUVYVY,ID_LV,SMLOUVYVY,IDR,0,RESTRICT,CASCADE
DOCSTORED,DOCSTORED_FK_UCDE,ID_UD,UCDE,IDUCDE,0,RESTRICT,CASCADE
DOCSTORED,DOCSTORED_FK_ZAKAZKA,ID_ZK,ZAKAZKA,IDR,0,RESTRICT,CASCADE
DOCSTORED,DOCSTORED_FK_ZAPOCTY,ID_ZP,ZAPOCTY,IDZAPOC,0,RESTRICT,CASCADE
DOKLADY,DOKLADY_FK_MENY,MENA,MENY,KOD,0,CASCADE,CASCADE
DOKLADY,DOKLADY_FK_SKKAR,CISLOKAR,SKKAR,CISLO,0,CASCADE,CASCADE
DPHEVIDPAR,DPHEVIDPAR_FK_REFID,REFID,DPHEVID,IDR,0,RESTRICT,CASCADE
DPHEVIDPOL,DPHEVIDPOL_FK_REFID,REFID,DPHEVID,IDR,0,RESTRICT,CASCADE
DPHKHPAR,DPHKHPAR_FK_REFID,REFID,DPHKH,IDR,0,RESTRICT,CASCADE
DPHKHPOL,DPHKHPOL_FK_REFID,REFID,DPHKH,IDR,0,RESTRICT,CASCADE
DPHKVPAR,DPHKVPAR_FK_REFID,REFID,DPHKV,IDR,0,RESTRICT,CASCADE
DPHKVPOL,DPHKVPOL_FK_REFID,REFID,DPHKV,IDR,0,RESTRICT,CASCADE
DPHMOSS,DPHMOSS_FK_KODSTAT,KODSTAT,STATY,KOD,0,CASCADE,RESTRICT
DPHMOSS,DPHMOSS_FK_MENA,MENA,MENY,KOD,0,CASCADE,RESTRICT
DPHMOSS,DPHMOSS_FK_OSNOVA1,SYNTET1,OSNOVA,SYNTET,0,CASCADE,RESTRICT
DPHMOSS,DPHMOSS_FK_OSNOVA1,ANALYT1,OSNOVA,ANALYT,1,CASCADE,RESTRICT
DPHMOSS,DPHMOSS_FK_OSNOVA2,SYNTET2,OSNOVA,SYNTET,0,CASCADE,RESTRICT
DPHMOSS,DPHMOSS_FK_OSNOVA2,ANALYT2,OSNOVA,ANALYT,1,CASCADE,RESTRICT
DPHMOSSVP,DPHMOSSVP_FK_REFID,REFID,DPHMOSSVYK,IDR,0,RESTRICT,CASCADE
DPHMOSSVP,DPHMOSSVP_FK_STATDOD,STATDOD,STATY,KOD,0,RESTRICT,RESTRICT
DPHMOSSVP,DPHMOSSVP_FK_STATSPOTR,STATSPOTR,STATY,KOD,0,RESTRICT,RESTRICT
DPHMOSSVPR,DPHMOSSVPR_FK_REFID,REFID,DPHMOSSVYK,IDR,0,RESTRICT,CASCADE
DPHOSSVP,DPHOSSVP_FK_REFID,REFID,DPHOSSVYK,IDR,0,RESTRICT,CASCADE
DPHOSSVP,DPHOSSVP_FK_STATSPOTR,STATSPOTR,STATY,KOD,0,RESTRICT,RESTRICT
DPHOSSVPR,DPHOSSVPR_FK_REFID,REFID,DPHOSSVYK,IDR,0,RESTRICT,CASCADE
DPHPRIZP,DPHPRIZP_FK_DPHID,DPHID,DPHPRIZ,DPHID,0,RESTRICT,CASCADE
DPHPRIZUHR,DPHPRIZUHR_FK_DPHID,DPHID,DPHPRIZ,DPHID,0,RESTRICT,CASCADE
DPHPRIZUHR,DPHPRIZUHR_FK_DPHID_PROP,DPHID_PROP,DPHPRIZ,DPHID,0,RESTRICT,CASCADE
DPHREGEU,DPHREGEU_FK_FIRPOB,IDFIRPOB,FIRPOB,IDR,0,RESTRICT,SET NULL
DPHREGEU,DPHREGEU_FK_KODSTAT,KODSTAT,STATY,KOD,0,CASCADE,RESTRICT
DPHREGEU,DPHREGEU_FK_MENA,MENA,MENY,KOD,0,CASCADE,RESTRICT
DPHREGEU,DPHREGEU_FK_OSNOVA1,SYNTET1,OSNOVA,SYNTET,0,CASCADE,RESTRICT
DPHREGEU,DPHREGEU_FK_OSNOVA1,ANALYT1,OSNOVA,ANALYT,1,CASCADE,RESTRICT
DPHREGEU,DPHREGEU_FK_OSNOVA2,SYNTET2,OSNOVA,SYNTET,0,CASCADE,RESTRICT
DPHREGEU,DPHREGEU_FK_OSNOVA2,ANALYT2,OSNOVA,ANALYT,1,CASCADE,RESTRICT
DPHSHCOS,DPHSHCOS_FK_DPHSHID,DPHSHID,DPHSH,DPHSHID,0,RESTRICT,CASCADE
DPHSHPAR,DPHSHPAR_FK_DPHID,DPHID,DPHSH,DPHSHID,0,RESTRICT,CASCADE
DPHSHPOL,DPHSHPOL_FK_DPHSHID,DPHSHID,DPHSH,DPHSHID,0,RESTRICT,CASCADE
DPHSHPOL,DPHSHPOL_FK_KODPLNENI,KODPLNENI,TYPYPLN,KODPLN,0,RESTRICT,RESTRICT
EET_LOG,EET_LOG_FK_FAKVY,ID_FV,FAKVY,IDFAK,0,CASCADE,CASCADE
EET_LOG,EET_LOG_FK_IDRPRF,IDRPRF,EET_PROFIL,IDR,0,CASCADE,RESTRICT
EET_LOG,EET_LOG_FK_MOARCHIV,ID_MO,MOARCHIV,IDR,0,CASCADE,CASCADE
EET_LOG,EET_LOG_FK_OBJPR,ID_OP,OBJPR,IDOBJ,0,CASCADE,CASCADE
EET_LOG,EET_LOG_FK_OPRAVY,ID_OR,OPRAVY,IDOPR,0,CASCADE,CASCADE
EET_LOG,EET_LOG_FK_OSPOH,ID_PH,OSPOH,IDPZ,0,CASCADE,CASCADE
EET_LOG,EET_LOG_FK_POKL,ID_PP,POKL,IDPOKDOK,0,CASCADE,CASCADE
EET_LOG,EET_LOG_FK_SKPOH,ID_SV,SKPOH,IDPOH,0,CASCADE,CASCADE
EKASA_LOG,EKASA_LOG_FK_FAKVY,ID_FV,FAKVY,IDFAK,0,CASCADE,CASCADE
EKASA_LOG,EKASA_LOG_FK_MOARCHIV,ID_MO,MOARCHIV,IDR,0,CASCADE,CASCADE
EKASA_LOG,EKASA_LOG_FK_SKPOH,ID_SV,SKPOH,IDPOH,0,CASCADE,CASCADE
EMAILLST,EMAILLST_FK_FAKVY,ID_FV,FAKVY,IDFAK,0,RESTRICT,CASCADE
EMAILLST,EMAILLST_FK_NABIDKY,ID_OP,OBJPR,IDOBJ,0,RESTRICT,CASCADE
EMAILLST,EMAILLST_FK_OBJVY,ID_OV,OBJVY,IDOBJ,0,RESTRICT,CASCADE
EMAILLST,EMAILLST_FK_OPRAVY,ID_OR,OPRAVY,IDOPR,0,RESTRICT,CASCADE
EMAILLST,EMAILLST_FK_SMLOUVYVY,ID_LV,SMLOUVYVY,IDR,0,RESTRICT,CASCADE
EMAILLST,EMAILLST_FK_VYDEJKY,ID_SV,SKPOH,IDPOH,0,RESTRICT,CASCADE
EMAILLST,EMAILLST_FK_ZAPOCTY,ID_ZP,ZAPOCTY,IDZAPOC,0,RESTRICT,CASCADE
EMDANODP,EMDANODP_FK_MAJET,IDMAJET,MAJET,IDR,0,RESTRICT,CASCADE
EMDOSKUP,EMDOSKUP_FK_EMODPSKU,DRUHODPISU,EMODPSKU,DRUH,0,RESTRICT,RESTRICT
EMDOSKUP,EMDOSKUP_FK_EMODPSKU,ODPISSKUP,EMODPSKU,SKUPINA,1,RESTRICT,RESTRICT
EMDOSKUP,EMDOSKUP_FK_EMODPSKU,PZVYSODPIS,EMODPSKU,PZVYS,2,RESTRICT,RESTRICT
EMDOSKUP,EMDOSKUP_FK_MAJET,IDMAJET,MAJET,IDR,0,RESTRICT,CASCADE
EMMISTA,EMMISTA_FK_STREDIS,STREDISKO,STREDIS,CISLO,0,CASCADE,RESTRICT
EMODPSAZ,EMODPSAZ_FK_EMODPSKU,DRUH,EMODPSKU,DRUH,0,RESTRICT,RESTRICT
EMODPSAZ,EMODPSAZ_FK_EMODPSKU,SKUPINA,EMODPSKU,SKUPINA,1,RESTRICT,RESTRICT
EMODPSAZ,EMODPSAZ_FK_EMODPSKU,PZVYS,EMODPSKU,PZVYS,2,RESTRICT,RESTRICT
EMPRERUS,EMPRERUS_FK_MAJET,IDMAJET,MAJET,IDR,0,RESTRICT,CASCADE
EMTEZHOD,EMTEZHOD_FK_MAJET,IDMAJET,MAJET,IDR,0,RESTRICT,CASCADE
EMTRIDY,EMTRIDY_FK_OSNOVA_DANDAL,ODDALS,OSNOVA,SYNTET,0,CASCADE,SET NULL
EMTRIDY,EMTRIDY_FK_OSNOVA_DANDAL,ODDALA,OSNOVA,ANALYT,1,CASCADE,SET NULL
EMTRIDY,EMTRIDY_FK_OSNOVA_DANMADAT,ODMADATS,OSNOVA,SYNTET,0,CASCADE,SET NULL
EMTRIDY,EMTRIDY_FK_OSNOVA_DANMADAT,ODMADATA,OSNOVA,ANALYT,1,CASCADE,SET NULL
EMTRIDY,EMTRIDY_FK_OSNOVA_UCEDAL,OUDALS,OSNOVA,SYNTET,0,CASCADE,SET NULL
EMTRIDY,EMTRIDY_FK_OSNOVA_UCEDAL,OUDALA,OSNOVA,ANALYT,1,CASCADE,SET NULL
EMTRIDY,EMTRIDY_FK_OSNOVA_UCEMADAT,OUMADATS,OSNOVA,SYNTET,0,CASCADE,SET NULL
EMTRIDY,EMTRIDY_FK_OSNOVA_UCEMADAT,OUMADATA,OSNOVA,ANALYT,1,CASCADE,SET NULL
EMTRIDY,EMTRIDY_FK_PDPOHYBY,ODPDSYNTET,PDPOHYBY,SYNTET,0,CASCADE,SET NULL
EMTRIDY,EMTRIDY_FK_PDPOHYBY,ODPDANALYT,PDPOHYBY,ANALYT,1,CASCADE,SET NULL
EMUCEODP,EMUCEODP_FK_MAJET,IDMAJET,MAJET,IDR,0,RESTRICT,CASCADE
FAKGENER,FAKGENER_FK_FAKGENER2,IDDAVKY,FAKGENER2,IDR,0,RESTRICT,CASCADE
FAKGENER,FAKGENER_FK_FAKGENER3,POBOCKA,FAKGENER3,GENERCIS,0,RESTRICT,RESTRICT
FAKGENER,FAKGENER_FK_FAKVY,IDFAK,FAKVY,IDFAK,0,RESTRICT,SET NULL
FAKGENER3,FAKGENER3_FK_FIRPOB,IDFIRPOB,FIRPOB,IDR,0,RESTRICT,SET NULL
FAKGENER3,FAKGENER3_FK_STREDIS,STREDISKO,STREDIS,CISLO,0,CASCADE,RESTRICT
FAKGENER3,FAKGENER3_FK_STREDIS2,STREDISKO2,STREDIS,CISLO,0,CASCADE,SET NULL
FAKGENER3,FAKGENER3_FK_ZAKAZKA,CISLO_ZAK,ZAKAZKA,CISLO,0,CASCADE,RESTRICT
FAKPR,FAKPR_FK_ADRES,ICO,ADRES,ICO,0,CASCADE,RESTRICT
FAKPR,FAKPR_FK_ADRESBAN,IDADRBAN,ADRESBAN,IDR,0,RESTRICT,SET NULL
FAKPR,FAKPR_FK_ADRESPRIJ,ICOPRIJ,ADRES,ICO,0,CASCADE,RESTRICT
FAKPR,FAKPR_FK_BANKY,IDBANKY,BANKY,IDR,0,RESTRICT,RESTRICT
FAKPR,FAKPR_FK_MENY,MENA,MENY,KOD,0,CASCADE,RESTRICT
FAKPR,FAKPR_FK_PDPOHYBY,PDSYNTET,PDPOHYBY,SYNTET,0,CASCADE,SET NULL
FAKPR,FAKPR_FK_PDPOHYBY,PDANALYT,PDPOHYBY,ANALYT,1,CASCADE,SET NULL
FAKPR,FAKPR_FK_PLKARTY,PLATKAR,PLKARTY,CISLO,0,CASCADE,RESTRICT
FAKPR,FAKPR_FK_STAT_DPH,STAT_DPH,STATY,KOD,0,CASCADE,RESTRICT
FAKPR,FAKPR_FK_STREDIS,STREDISKO,STREDIS,CISLO,0,CASCADE,RESTRICT
FAKPR,FAKPR_FK_TYPDOKL,TYP_DOKL,TYPDOKL,TYP_DOKL,0,RESTRICT,RESTRICT
FAKPR,FAKPR_FK_TYPYDPH,TYPDPH,TYPYDPH,CISLO,0,RESTRICT,RESTRICT
FAKPR,FAKPR_FK_TYP_POL,TYP_POL,TYPYPOL,KOD,0,CASCADE,RESTRICT
FAKPR,FAKPR_FK_UDPREDKONT,UDPREDKONT,POLUCDE,CISLO,0,CASCADE,SET NULL
FAKPR,FAKPR_FK_ZAKAZKA,CISLO_ZAK,ZAKAZKA,CISLO,0,CASCADE,RESTRICT
FAKPR,FAKR_FK_VATNUMBER,VATNUMBER,DPHREGEU,VATNUMBER,0,CASCADE,RESTRICT
FAKPRDPH,FAKPRDPH_FK_FAKPR,IDFAK,FAKPR,IDFAK,0,RESTRICT,CASCADE
FAKPRDPH,FAKPRDPH_FK_TYPYDPH,TYPDPH,TYPYDPH,CISLO,0,RESTRICT,RESTRICT
FAKPRPOL,FAKPRPOL_FK_FAKPR,IDFAK,FAKPR,IDFAK,0,RESTRICT,CASCADE
FAKPRPOL,FAKPRPOL_FK_OBJVYPOL,IDOBJPOL,OBJVYPOL,IDR,0,RESTRICT,SET NULL
FAKPRPOL,FAKPRPOL_FK_OPRAVY,IDOPR,OPRAVY,IDOPR,0,RESTRICT,SET NULL
FAKPRPOL,FAKPRPOL_FK_OPRAVYMAT,IDOPRMAT,OPRAVYMAT,IDR,0,RESTRICT,SET NULL
FAKPRPOL,FAKPRPOL_FK_SKKAR,CISLOKAR,SKKAR,CISLO,0,CASCADE,RESTRICT
FAKPRPOL,FAKPRPOL_FK_SKPOH,IDSKPOH,SKPOH,IDPOH,0,RESTRICT,SET NULL
FAKPRPOL,FAKPRPOL_FK_SKPOHPOL,IDSKPOHPOL,SKPOHPOL,IDPOHPOL,0,RESTRICT,SET NULL
FAKPRPOL,FAKPRPOL_FK_STREDIS,STREDISKO,STREDIS,CISLO,0,CASCADE,RESTRICT
FAKPRPOL,FAKPRPOL_FK_TYPYDPH,TYPDPH,TYPYDPH,CISLO,0,RESTRICT,RESTRICT
FAKPRPOL,FAKPRPOL_FK_TYP_POL,TYP_POL,TYPYPOL,KOD,0,CASCADE,RESTRICT
FAKPRPOL,FAKPRPOL_FK_ZAKAZKA,CISLO_ZAK,ZAKAZKA,CISLO,0,CASCADE,RESTRICT
FAKPRSPL,FAKPRSPL_FK_ADRESBAN,IDADRBAN,ADRESBAN,IDR,0,RESTRICT,SET NULL
FAKPRSPL,FAKPRSPL_FK_BANKY,IDBANKY,BANKY,IDR,0,RESTRICT,RESTRICT
FAKPRTOTAL,FAKPRTOTAL_FK_FAKPR,IDMR,FAKPR,IDFAK,0,RESTRICT,CASCADE
FAKPRTOTAL,FAKPRTOTAL_FK_MENA,MENA,MENY,KOD,0,CASCADE,RESTRICT
FAKPRTOTAL,FAKPRTOTAL_FK_TYPYDPH,TYPDPH,TYPYDPH,CISLO,0,RESTRICT,RESTRICT
FAKPRUHR,FAKPRUHR_FK_BANKY,IDBANKY,BANKY,IDR,0,RESTRICT,RESTRICT
FAKPRUHR,FAKPRUHR_FK_BANOBRAT,IDBANOBRAT,BANOBRAT,IDR,0,RESTRICT,SET NULL
FAKPRUHR,FAKPRUHR_FK_CISPOKL,IDPOKL,CISPOKL,IDPOKL,0,RESTRICT,RESTRICT
FAKPRUHR,FAKPRUHR_FK_FAKPR,IDFAK,FAKPR,IDFAK,0,RESTRICT,CASCADE
FAKPRUHR,FAKPRUHR_FK_FAKPRUHR_IDRX,IDRX,FAKPRUHR,IDR,0,RESTRICT,CASCADE
FAKPRUHR,FAKPRUHR_FK_MENY,MENA,MENY,KOD,0,CASCADE,RESTRICT
FAKPRUHR,FAKPRUHR_FK_ZAPOCPOL,IDZAPOCPOL,ZAPOCPOL,IDR,0,RESTRICT,CASCADE
FAKVY,FAKVY_FK_ADRES,ICO,ADRES,ICO,0,CASCADE,RESTRICT
FAKVY,FAKVY_FK_ADRESPRIJ,ICOPRIJ,ADRES,ICO,0,CASCADE,RESTRICT
FAKVY,FAKVY_FK_BANKY,IDBANKY,BANKY,IDR,0,RESTRICT,RESTRICT
FAKVY,FAKVY_FK_KODPLNENI,KODPLNENI,TYPYPLN,KODPLN,0,RESTRICT,RESTRICT
FAKVY,FAKVY_FK_KONTAKTY,IDKONTAKT,KONTAKTY,IDR,0,RESTRICT,SET NULL
FAKVY,FAKVY_FK_MENY,MENA,MENY,KOD,0,CASCADE,RESTRICT
FAKVY,FAKVY_FK_PDPOHYBY,PDSYNTET,PDPOHYBY,SYNTET,0,CASCADE,SET NULL
FAKVY,FAKVY_FK_PDPOHYBY,PDANALYT,PDPOHYBY,ANALYT,1,CASCADE,SET NULL
FAKVY,FAKVY_FK_PLKARTY,PLATKAR,PLKARTY,CISLO,0,CASCADE,RESTRICT
FAKVY,FAKVY_FK_STAT_DPH,STAT_DPH,STATY,KOD,0,CASCADE,RESTRICT
FAKVY,FAKVY_FK_STREDIS,STREDISKO,STREDIS,CISLO,0,CASCADE,RESTRICT
FAKVY,FAKVY_FK_TYPDOKL,TYP_DOKL,TYPDOKL,TYP_DOKL,0,RESTRICT,RESTRICT
FAKVY,FAKVY_FK_TYPYDPH,TYPDPH,TYPYDPH,CISLO,0,RESTRICT,RESTRICT
FAKVY,FAKVY_FK_TYP_POL,TYP_POL,TYPYPOL,KOD,0,CASCADE,RESTRICT
FAKVY,FAKVY_FK_UDPREDKONT,UDPREDKONT,POLUCDE,CISLO,0,CASCADE,SET NULL
FAKVY,FAKVY_FK_VATNUMBER,VATNUMBER,DPHREGEU,VATNUMBER,0,CASCADE,RESTRICT
FAKVY,FAKVY_FK_ZAKAZKA,CISLO_ZAK,ZAKAZKA,CISLO,0,CASCADE,RESTRICT
FAKVYDPH,FAKVYDPH_FK_FAKVY,IDFAK,FAKVY,IDFAK,0,RESTRICT,CASCADE
FAKVYDPH,FAKVYDPH_FK_TYPYDPH,TYPDPH,TYPYDPH,CISLO,0,RESTRICT,RESTRICT
FAKVYOBAL,FAKVYOBAL_FK_CISLOKAR,CISLOKAR,SKKAR,CISLO,0,CASCADE,RESTRICT
FAKVYOBAL,FAKVYOBAL_FK_IDFAK,IDFAK,FAKVY,IDFAK,0,RESTRICT,CASCADE
FAKVYOBAL,FAKVYOBAL_FK_IDFAKPOL,IDFAKPOL,FAKVYPOL,IDR,0,RESTRICT,CASCADE
FAKVYOBAL,FAKVYOBAL_FK_IDOBAL,IDOBAL,OBAL,IDOBAL,0,RESTRICT,RESTRICT
FAKVYOBAL,FAKVYOBAL_FK_ODMENY,ODMENY,O_ODMENY,CISLO,0,RESTRICT,RESTRICT
FAKVYPOL,FAKVYPOL_FK_FAKVY,IDFAK,FAKVY,IDFAK,0,RESTRICT,CASCADE
FAKVYPOL,FAKVYPOL_FK_OBJPRPOL,IDOBJPOL,OBJPRPOL,IDR,0,RESTRICT,SET NULL
FAKVYPOL,FAKVYPOL_FK_OPRAVY,IDOPR,OPRAVY,IDOPR,0,RESTRICT,SET NULL
FAKVYPOL,FAKVYPOL_FK_OPRAVYMAT,IDOPRMAT,OPRAVYMAT,IDR,0,RESTRICT,SET NULL
FAKVYPOL,FAKVYPOL_FK_SKKAR,CISLOKAR,SKKAR,CISLO,0,CASCADE,RESTRICT
FAKVYPOL,FAKVYPOL_FK_SKPOH,IDSKPOH,SKPOH,IDPOH,0,RESTRICT,SET NULL
FAKVYPOL,FAKVYPOL_FK_SKPOHPOL,IDSKPOHPOL,SKPOHPOL,IDPOHPOL,0,RESTRICT,SET NULL
FAKVYPOL,FAKVYPOL_FK_STREDIS,STREDISKO,STREDIS,CISLO,0,CASCADE,RESTRICT
FAKVYPOL,FAKVYPOL_FK_TYPYDPH,TYPDPH,TYPYDPH,CISLO,0,RESTRICT,RESTRICT
FAKVYPOL,FAKVYPOL_FK_TYP_POL,TYP_POL,TYPYPOL,KOD,0,CASCADE,RESTRICT
FAKVYPOL,FAKVYPOL_FK_ZAKAZKA,CISLO_ZAK,ZAKAZKA,CISLO,0,CASCADE,RESTRICT
FAKVYSPL,FAKVYSPL_FK_BANKY,IDBANKY,BANKY,IDR,0,RESTRICT,RESTRICT
FAKVYTOTAL,FAKVYTOTAL_FK_FAKVY,IDMR,FAKVY,IDFAK,0,RESTRICT,CASCADE
FAKVYTOTAL,FAKVYTOTAL_FK_MENA,MENA,MENY,KOD,0,CASCADE,RESTRICT
FAKVYTOTAL,FAKVYTOTAL_FK_TYPYDPH,TYPDPH,TYPYDPH,CISLO,0,RESTRICT,RESTRICT
FAKVYUHR,FAKVYUHR_FK_BANKY,IDBANKY,BANKY,IDR,0,RESTRICT,RESTRICT
FAKVYUHR,FAKVYUHR_FK_BANOBRAT,IDBANOBRAT,BANOBRAT,IDR,0,RESTRICT,SET NULL
FAKVYUHR,FAKVYUHR_FK_CISPOKL,IDPOKL,CISPOKL,IDPOKL,0,RESTRICT,RESTRICT
FAKVYUHR,FAKVYUHR_FK_FAKVY,IDFAK,FAKVY,IDFAK,0,RESTRICT,CASCADE
FAKVYUHR,FAKVYUHR_FK_FAKVYUHR_IDRX,IDRX,FAKVYUHR,IDR,0,RESTRICT,CASCADE
FAKVYUHR,FAKVYUHR_FK_MENY,MENA,MENY,KOD,0,CASCADE,RESTRICT
FAKVYUHR,FAKVYUHR_FK_ZAPOCPOL,IDZAPOCPOL,ZAPOCPOL,IDR,0,RESTRICT,CASCADE
FILTR,FILTR_FK_FIRPRPR,USERID,FIRPRPR,IDENTIF,0,RESTRICT,CASCADE
FILTRPOL,FILTRPOL_FK_FILTR,IDFLT,FILTR,IDR,0,RESTRICT,CASCADE
FIRPOB,FIRPOB_FK_BANKY,IDBANKY,BANKY,IDR,0,RESTRICT,SET NULL
FIRPRPREXT,FIRPRPREXT_FK_AUTOSPZ,AUTOSPZ,AUTA,SPZ,0,CASCADE,CASCADE
FIRPRPREXT,FIRPRPREXT_FK_CISLOPOKL,CISLOPOKL,CISPOKL,IDPOKL,0,CASCADE,CASCADE
FIRPRPREXT,FIRPRPREXT_FK_CISLOSKL,CISLOSKL,SKLADY,CISLO,0,CASCADE,CASCADE
FIRPRPREXT,FIRPRPREXT_FK_POSINFO,MAINID,POSINFO,MAINID,0,CASCADE,CASCADE
FIRPRPREXT,FIRPRPREXT_FK_POSINFO,SUBID,POSINFO,SUBID,1,CASCADE,CASCADE
FIRPRPREXT,FIRPRPREXT_FK_POSINFO,PREFIX,POSINFO,PREFIX,2,CASCADE,CASCADE
FIRPRPREXT,FIRPRPREXT_FK_STREDISKO,STREDISKO,STREDIS,CISLO,0,CASCADE,CASCADE
FIRPRPREXT,FIRPRPREXT_FK_USERID,USERID,FIRPRPR,IDENTIF,0,CASCADE,CASCADE
HLASENICMB,HLASENICMB_FK_IDR_HLAS_POL,IDR_HLAS,HLASENIPOL,IDR_HLAS,0,CASCADE,CASCADE
HLASENICMB,HLASENICMB_FK_IDR_HLAS_POL,IDR_POL,HLASENIPOL,IDR,1,CASCADE,CASCADE
HLASENIHOD,HLASENIHOD_FK_IDR_HLAS,IDR_HLAS,HLASENI,IDR,0,CASCADE,CASCADE
HLASENIHOD,HLASENIHOD_FK_ID_OSOBY,ID_OSOBY,MXIDOSOB,ID_OSOBY,0,CASCADE,CASCADE
HLASENIHOD,HLASENIHOD_FK_ID_POMERU,ID_POMERU,MXIDPOMERU,ID_POMERU,0,CASCADE,CASCADE
HLASENIPOL,HLASENIPOL_FK_IDR_HLAS,IDR_HLAS,HLASENI,IDR,0,CASCADE,CASCADE
INTDOK,INTDOK_FK_ADRES,ICO,ADRES,ICO,0,CASCADE,RESTRICT
INTDOK,INTDOK_FK_FAKPR,ID_FP,FAKPR,IDFAK,0,RESTRICT,CASCADE
INTDOK,INTDOK_FK_FAKPRUHR,IDUHR_FP,FAKPRUHR,IDR,0,RESTRICT,SET NULL
INTDOK,INTDOK_FK_FAKPRUHR_DPHUHR,IDUHR_DFP,FAKPRUHR,IDR,0,RESTRICT,CASCADE
INTDOK,INTDOK_FK_FAKVYUHR,IDUHR_FV,FAKVYUHR,IDR,0,RESTRICT,SET NULL
INTDOK,INTDOK_FK_FAKVYUHR_DPHUHR,IDUHR_DFV,FAKVYUHR,IDR,0,RESTRICT,CASCADE
INTDOK,INTDOK_FK_INTDOK,ID_ID,INTDOK,IDMR,0,RESTRICT,CASCADE
INTDOK,INTDOK_FK_KODPLNENI,KODPLNENI,TYPYPLN,KODPLN,0,RESTRICT,RESTRICT
INTDOK,INTDOK_FK_MENY,MENA,MENY,KOD,0,RESTRICT,RESTRICT
INTDOK,INTDOK_FK_MOUZAVERKY,IDMOUZAV,MOUZAVERKY,IDR,0,RESTRICT,CASCADE
INTDOK,INTDOK_FK_OSPOHUHR,IDUHR_PH,OSPOHUHR,IDR,0,RESTRICT,SET NULL
INTDOK,INTDOK_FK_OSPOHUHR_DPHUHR,IDUHR_DPH,OSPOHUHR,IDR,0,RESTRICT,CASCADE
INTDOK,INTDOK_FK_OSZAV,ID_ZV,OSZAV,IDPZ,0,RESTRICT,CASCADE
INTDOK,INTDOK_FK_OSZAVUHR,IDUHR_ZV,OSZAVUHR,IDR,0,RESTRICT,SET NULL
INTDOK,INTDOK_FK_OSZAVUHR_DPHUHR,IDUHR_DZV,OSZAVUHR,IDR,0,RESTRICT,CASCADE
INTDOK,INTDOK_FK_PDPOHYBY,PDSYNTET,PDPOHYBY,SYNTET,0,CASCADE,SET NULL
INTDOK,INTDOK_FK_PDPOHYBY,PDANALYT,PDPOHYBY,ANALYT,1,CASCADE,SET NULL
INTDOK,INTDOK_FK_STAT_DPH,STAT_DPH,STATY,KOD,0,CASCADE,RESTRICT
INTDOK,INTDOK_FK_STREDIS,STREDISKO,STREDIS,CISLO,0,CASCADE,RESTRICT
INTDOK,INTDOK_FK_TYPDOKL,TYP_DOKL,TYPDOKL,TYP_DOKL,0,RESTRICT,RESTRICT
INTDOK,INTDOK_FK_TYPYDPH,TYPDPH,TYPYDPH,CISLO,0,RESTRICT,RESTRICT
INTDOK,INTDOK_FK_TYP_POL,TYP_POL,TYPYPOL,KOD,0,CASCADE,RESTRICT
INTDOK,INTDOK_FK_UDPREDKONT,UDPREDKONT,POLUCDE,CISLO,0,CASCADE,SET NULL
INTDOK,INTDOK_FK_VATNUMBER,VATNUMBER,DPHREGEU,VATNUMBER,0,CASCADE,RESTRICT
INTDOK,INTDOK_FK_ZAKAZKA,CISLO_ZAK,ZAKAZKA,CISLO,0,CASCADE,RESTRICT
INTDOKPOL,INTDOKPOL_FK_INTDOK,IDMR,INTDOK,IDMR,0,RESTRICT,CASCADE
INTDOKPOL,INTDOKPOL_FK_OBJPRPOL,IDOBJPOL,OBJPRPOL,IDR,0,RESTRICT,SET NULL
INTDOKPOL,INTDOKPOL_FK_OPRAVY,IDOPR,OPRAVY,IDOPR,0,RESTRICT,SET NULL
INTDOKPOL,INTDOKPOL_FK_OPRAVYMAT,IDOPRMAT,OPRAVYMAT,IDR,0,RESTRICT,SET NULL
INTDOKPOL,INTDOKPOL_FK_SKPOH,IDSKPOH,SKPOH,IDPOH,0,RESTRICT,SET NULL
INTDOKPOL,INTDOKPOL_FK_SKPOHPOL,IDSKPOHPOL,SKPOHPOL,IDPOHPOL,0,RESTRICT,SET NULL
INTDOKPOL,INTDOKPOL_FK_STREDIS,STREDISKO,STREDIS,CISLO,0,CASCADE,RESTRICT
INTDOKPOL,INTDOKPOL_FK_TYPYDPH,TYPDPH,TYPYDPH,CISLO,0,RESTRICT,RESTRICT
INTDOKPOL,INTDOKPOL_FK_TYP_POL,TYP_POL,TYPYPOL,KOD,0,CASCADE,RESTRICT
INTDOKPOL,INTDOKPOL_FK_ZAKAZKA,CISLO_ZAK,ZAKAZKA,CISLO,0,CASCADE,RESTRICT
INTDOKTOT,INTDOKTOTAL_FK_MENA,MENA,MENY,KOD,0,CASCADE,RESTRICT
INTDOKTOT,INTDOKTOTAL_FK_TYPYDPH,TYPDPH,TYPYDPH,CISLO,0,RESTRICT,RESTRICT
INTDOKTOT,INTDOKTOT_FK_INTDOK,IDMR,INTDOK,IDMR,0,RESTRICT,CASCADE
INTRASTAT,INTRASTAT_FK_MENA,MENA,MENY,KOD,0,CASCADE,RESTRICT
INTRASTAT,INTRASTAT_FK_STREDISKO,STREDISKO,STREDIS,CISLO,0,CASCADE,RESTRICT
INTRASTATP,INTRASTATP_FK_DMJ,DMJ,DOPLMJ,KOD,0,CASCADE,RESTRICT
INTRASTATP,INTRASTATP_FK_DODPODM,DODPODM,DODPODM,KOD,0,CASCADE,RESTRICT
INTRASTATP,INTRASTATP_FK_DRUHDOPR,DRUHDOPR,DRUHDOPR,KOD,0,CASCADE,RESTRICT
INTRASTATP,INTRASTATP_FK_IDPOH,IDPOH,SKPOH,IDPOH,0,RESTRICT,SET NULL
INTRASTATP,INTRASTATP_FK_IDPOHPOL,IDPOHPOL,SKPOHPOL,IDPOHPOL,0,RESTRICT,SET NULL
INTRASTATP,INTRASTATP_FK_IDRIS,IDRIS,INTRASTAT,IDRIS,0,RESTRICT,CASCADE
INTRASTATP,INTRASTATP_FK_KRAJ,KRAJ,KRAJE,KOD,0,CASCADE,RESTRICT
INTRASTATP,INTRASTATP_FK_SAZEBNIK,POLSA,SAZEBNIK,KOD,0,CASCADE,RESTRICT
INTRASTATP,INTRASTATP_FK_SAZEBNIK,DOPLKOD,SAZEBNIK,DOPLKOD,1,CASCADE,RESTRICT
INTRASTATP,INTRASTATP_FK_STAT,STAT,STATY,KOD,0,CASCADE,RESTRICT
INTRASTATP,INTRASTATP_FK_STATOUT,STATOUT,STATY,KOD,0,CASCADE,RESTRICT
INTRASTATP,INTRASTATP_FK_TRANSAKCE,TRANSAKCE,TRANSAKCE,KOD,0,CASCADE,RESTRICT
INTRASTATP,INTRASTATP_FK_ZVLPOH,ZVLPOH,ZVLPOH,KOD,0,CASCADE,RESTRICT
INVUCPAR,INVUCPAR_FK_REFID,REFID,INVUC,IDR,0,RESTRICT,CASCADE
INVUCPOL,INVUCPOL_FK_OSNOVA,SYNTET,OSNOVA,SYNTET,0,CASCADE,CASCADE
INVUCPOL,INVUCPOL_FK_OSNOVA,ANALYT,OSNOVA,ANALYT,1,CASCADE,CASCADE
INVUCPOL,INVUCPOL_FK_REFID,REFID,INVUC,IDR,0,RESTRICT,CASCADE
JAZDY,JAZDY_FK_AUTA,SPZ,AUTA,SPZ,0,CASCADE,RESTRICT
JAZDY,JAZDY_FK_MENY,MENA,MENY,KOD,0,CASCADE,RESTRICT
JAZDY,JAZDY_FK_VODICI,OSCISLO,VODICI,OSCISLO,0,CASCADE,RESTRICT
KODYBANK,KODYBANK_FK_KODSTAT,KODSTAT,STATY,KOD,0,CASCADE,RESTRICT
KONTAKTY,KONTAKTY_FK_STATKOD,STATKOD,STATY,KOD,0,CASCADE,SET NULL
KURZY,KURZY_FK_MENY,MENA,MENY,KOD,0,CASCADE,RESTRICT
MAJET,MAJET_FK_EMMISTA,STREDISKO,EMMISTA,STREDISKO,0,CASCADE,RESTRICT
MAJET,MAJET_FK_EMMISTA,MISTO,EMMISTA,MISTO,1,CASCADE,RESTRICT
MAJET,MAJET_FK_EMODPSKU,DRUHODPISU,EMODPSKU,DRUH,0,RESTRICT,RESTRICT
MAJET,MAJET_FK_EMODPSKU,ODPISSKUP,EMODPSKU,SKUPINA,1,RESTRICT,RESTRICT
MAJET,MAJET_FK_EMODPSKU,PZVYSODPIS,EMODPSKU,PZVYS,2,RESTRICT,RESTRICT
MAJET,MAJET_FK_EMTRIDY,TRIDAZAU,EMTRIDY,NAZEV,0,CASCADE,RESTRICT
MAJET,MAJET_FK_EMVOLKAT1,VOLKAT1,EMVOLKAT1,NAZEV,0,CASCADE,RESTRICT
MAJET,MAJET_FK_EMVOLKAT2,VOLKAT2,EMVOLKAT2,NAZEV,0,CASCADE,RESTRICT
MAJET,MAJET_FK_ZAKAZKA,CISLO_ZAK,ZAKAZKA,CISLO,0,CASCADE,RESTRICT
MOARCHIV,MOARCHIV_FK_IDPOH,IDPOH,SKPOH,IDPOH,0,CASCADE,SET NULL
MOARCHIV,MOARCHIV_FK_IDPROD,IDPROD,MOJMENA,IDR,0,CASCADE,RESTRICT
MOARCHIV,MOARCHIV_FK_IDSCHVAL,IDSCHVAL,MOJMENA,IDR,0,CASCADE,RESTRICT
MOARCHIV,MOARCHIV_FK_TYPKAR,TYPKAR,PLKARTY,CISLO,0,CASCADE,RESTRICT
MOATOTAL,MOATOTAL_FK_MENA,MENA,MENY,KOD,0,CASCADE,RESTRICT
MOATOTAL,MOATOTAL_FK_MOARCHIV,IDMR,MOARCHIV,IDR,0,RESTRICT,CASCADE
MOATOTAL,MOATOTAL_FK_TYPYDPH,TYPDPH,TYPYDPH,CISLO,0,RESTRICT,RESTRICT
MOHOTOVOST,MOHOTOVOST_FK_IDPROD,IDPROD,MOJMENA,IDR,0,CASCADE,RESTRICT
MOHOTOVOST,MOHOTOVOST_FK_IDUZAV,IDUZAV,MOUZAVERKY,IDR,0,CASCADE,CASCADE
MOPLATBY,MOPLATBY_FK_IDRARCH,IDRARCH,MOARCHIV,IDR,0,CASCADE,CASCADE
MOPLATBY,MOPLATBY_FK_MENA,MENA,MENY,KOD,0,CASCADE,RESTRICT
MOPLATBY,MOPLATBY_FK_TYPKAR,TYPKAR,PLKARTY,CISLO,0,CASCADE,RESTRICT
MORUCET,MORUCET_FK_IDPROD,IDPROD,MOJMENA,IDR,0,CASCADE,RESTRICT
MORUCET,MORUCET_FK_IDUCET,IDUCET,MOUCET,IDR,0,CASCADE,CASCADE
MOTOTAL,MOTOTAL_FK_MENA,MENA,MENY,KOD,0,CASCADE,RESTRICT
MOTOTAL,MOTOTAL_FK_MOUZAVERKY,IDMR,MOUZAVERKY,IDR,0,RESTRICT,CASCADE
MOTOTAL,MOTOTAL_FK_TYPYDPH,TYPDPH,TYPYDPH,CISLO,0,RESTRICT,RESTRICT
MOUCET,MOUCET_FK_IDPROD,IDPROD,MOJMENA,IDR,0,CASCADE,RESTRICT
MOUCETPOL,MOUCETPOL_FK_IDRPOLR,IDRPOLR,MOUCETPOL,IDR,0,RESTRICT,CASCADE
MOUCETPOL,MOUCETPOL_FK_IDSKARTA,IDSKARTA,SKKAR,IDR,0,CASCADE,RESTRICT
MOUCETPOL,MOUCETPOL_FK_IDUCET,IDUCET,MOUCET,IDR,0,CASCADE,CASCADE
MOUCETPOL,MOUCETPOL_FK_OBJPRPOL,IDOBJPRPOL,OBJPRPOL,IDR,0,RESTRICT,SET NULL
MOUZAVERKY,MOUZAVERKY_FK_IDPROD,IDPROD,MOJMENA,IDR,0,CASCADE,RESTRICT
MOVYRCIS,MOVYRCISL_FK_IDPOL,IDPOL,MOUCETPOL,IDR,0,RESTRICT,CASCADE
MOVYRCIS,MOVYRCISL_FK_IDSKKUS,IDSKKUS,SKKARKUS,IDR,0,CASCADE,CASCADE
MOZBOZI,MOZBOZI_FK_IDSKARTA,IDSKARTA,SKKAR,IDR,0,CASCADE,CASCADE
MOZBOZI,MOZBOZI_FK_ZBOZIKAT,CISPOK,MOZBOZI,CISPOK,0,CASCADE,CASCADE
MOZBOZI,MOZBOZI_FK_ZBOZIKAT,UCISKAT,MOZBOZI,CISKAT,1,CASCADE,CASCADE
MXDAVKY,MXDAVKY_FK_IDR_DRUH,IDR_DRUH,MXDAVKYDRUH,IDR,0,CASCADE,RESTRICT
MXDAVKY,MXDAVKY_FK_IDR_PRED,IDR_PRED,MXDAVKY,IDR,0,CASCADE,SET NULL
MXDAVKY,MXDAVKY_FK_ID_OSOBY,ID_OSOBY,MXIDOSOB,ID_OSOBY,0,CASCADE,CASCADE
MXDAVKY,MXDAVKY_FK_ID_POMERU,ID_POMERU,MXIDPOMERU,ID_POMERU,0,CASCADE,CASCADE
MXDAVKYDRUH,MXDAVKYDRUH_FK_IDMC_DAVKA,IDMC_DAVKA,MXIDMZDC,IDPOL,0,CASCADE,RESTRICT
MXDAVKYDRUH,MXDAVKYDRUH_FK_IDMC_KDNI,IDMC_KDNI,MXIDMZDC,IDPOL,0,CASCADE,RESTRICT
MXDAVKYDRUH,MXDAVKYDRUH_FK_IDMC_NAH_N,IDMC_NAH_N,MXIDMZDC,IDPOL,0,CASCADE,RESTRICT
MXDAVKYDRUH,MXDAVKYDRUH_FK_IDMC_NAH_Z,IDMC_NAH_Z,MXIDMZDC,IDPOL,0,CASCADE,RESTRICT
MXDAVKYDRUH,MXDAVKYDRUH_FK_IDMC_PDNI,IDMC_PDNI,MXIDMZDC,IDPOL,0,CASCADE,RESTRICT
MXDDSZAM,MXDDSZAM_FK_IDR_DDS,IDR_DDS,MXODVODY,IDR,0,CASCADE,RESTRICT
MXDDSZAM,MXDDSZAM_FK_IDR_PLATBY,IDR_PLATBY,MXPLATBY,IDR,0,CASCADE,SET NULL
MXDDSZAM,MXDDSZAM_FK_IDR_POMERU,ID_POMERU,MXIDPOMERU,ID_POMERU,0,CASCADE,CASCADE
MXDOCHAZKA,MXDOCHAZKA_FK_IDR_DAVKY,IDR_DAVKY,MXDAVKY,IDR,0,CASCADE,CASCADE
MXDOCHAZKA,MXDOCHAZKA_FK_ID_POMERU,ID_POMERU,MXIDPOMERU,ID_POMERU,0,CASCADE,CASCADE
MXDOCHDOBY,MXDOCHDOBY_FK_IDR_POMERU,ID_POMERU,MXIDPOMERU,ID_POMERU,0,CASCADE,CASCADE
MXDOCHUC,MXDOCHUC_FK_IDR_DOCH,IDR_DOCH,MXDOCHAZKA,IDR,0,CASCADE,CASCADE
MXDOCHUC,MXDOCHUC_FK_ID_MZDC,ID_MZDC,MXIDMZDC,IDPOL,0,CASCADE,RESTRICT
MXELDP,MXELDP_FK_IDR_POMERU,ID_POMERU,MXIDPOMERU,ID_POMERU,0,CASCADE,CASCADE
MXELDPDET,MXELDPDET_FK_IDR_ELDP,IDR_ELDP,MXELDP,IDR,0,CASCADE,CASCADE
MXEXEK,MXEXEK_FK_IDR_PPLATBY,IDR_PLATBY,MXPLATBY,IDR,0,CASCADE,SET NULL
MXEXEK,MXEXEK_FK_ID_MZDC,ID_MZDC,MXIDMZDC,IDPOL,0,CASCADE,RESTRICT
MXEXEK,MXEXEK_FK_ID_OSOBY,ID_OSOBY,MXIDOSOB,ID_OSOBY,0,CASCADE,CASCADE
MXEXEK,MXEXEK_FK_ID_POMERU,ID_POMERU,MXIDPOMERU,ID_POMERU,0,CASCADE,CASCADE
MXISPMZD,MXISPMZD_FK_EXPOL,EXPOL,MXISPOLDET,EXPOL,0,CASCADE,CASCADE
MXISPMZD,MXISPMZD_FK_ID_MZDC,ID_MZDC,MXIDMZDC,IDPOL,0,CASCADE,CASCADE
MXISPRUC,MXISPRUC_FK_EXPOL,EXPOL,MXISPOLDET,EXPOL,0,CASCADE,CASCADE
MXISPRUC,MXISPRUC_FK_ID_POMERU,ID_POMERU,MXIDPOMERU,ID_POMERU,0,CASCADE,CASCADE
MXMZDCIS,MXMZDCIS_FK_IDPOL,IDPOL,MXIDMZDC,IDPOL,0,CASCADE,CASCADE
MXMZDY,MXMZDY_FK_IDR_OBDOBI,IDR_OBDOBI,MXOBDOBI,IDR,0,CASCADE,RESTRICT
MXMZDY,MXMZDY_FK_ID_POMERU,ID_POMERU,MXIDPOMERU,ID_POMERU,0,CASCADE,CASCADE
MXMZDYPOL,MXMZDYPOL_FK_IDR_EXEK,IDR_EXEK,MXEXEK,IDR,0,CASCADE,SET NULL
MXMZDYPOL,MXMZDYPOL_FK_IDR_MZDY,IDR_MZDY,MXMZDY,IDR,0,CASCADE,CASCADE
MXMZDYPOL,MXMZDYPOL_FK_IDR_ODVOD,IDR_ODVOD,MXODVODY,IDR,0,CASCADE,RESTRICT
MXMZDYPOL,MXMZDYPOL_FK_IDR_PLATBY,IDR_PLATBY,MXPLATBY,IDR,0,CASCADE,RESTRICT
MXMZDYPOL,MXMZDYPOL_FK_IDR_RODPRI,IDR_RODPRI,MXRODPRISL,IDR,0,CASCADE,RESTRICT
MXMZDYPOL,MXMZDYPOL_FK_ID_MZDC,ID_MZDC,MXIDMZDC,IDPOL,0,CASCADE,RESTRICT
MXNOTIFIKACEPN,MXNOTIFIKACEPN_FK_ID_OSOBY,ID_OSOBY,MXIDOSOB,ID_OSOBY,0,CASCADE,SET NULL
MXNOTIFIKACEPN,MXNOTIFIKACEPN_FK_ID_POMERU,ID_POMERU,MXIDPOMERU,ID_POMERU,0,CASCADE,SET NULL
MXODVODY,MXODVODY_FK_IDR_PLATBY,IDR_PLATBY,MXPLATBY,IDR,0,CASCADE,SET NULL
MXOSOBY,MXOSOBY_FK_ID_FOTO,ID_FOTO,MXFOTO,IDR,0,CASCADE,SET NULL
MXOSOBY,MXOSOBY_FK_ID_OSOBY,ID_OSOBY,MXIDOSOB,ID_OSOBY,0,CASCADE,CASCADE
MXOSOBY,MXOSOBY_FK_RODSTAV,RODINNYSTAV,MXRODSTAV,ID,0,CASCADE,RESTRICT
MXOSOBY,MXOSOBY_FK_STATPRISL,STATPRISL,STATY,KOD,0,CASCADE,RESTRICT
MXOSOBY,MXOSOBY_FK_TRVSTAT,TRVSTAT,STATY,KOD,0,CASCADE,RESTRICT
MXOSOBY,MXOSOBY_FK_VZDELANI,VZDELANI,MXVZDELANI,ID,0,CASCADE,RESTRICT
MXPLATBY,MXPLATBY_FK_ID_OSOBY,ID_OSOBY,MXIDOSOB,ID_OSOBY,0,CASCADE,CASCADE
MXPOMERPOL,MXPOMERPOL_FK_IDR_ODVOD,IDR_ODVOD,MXODVODY,IDR,0,CASCADE,RESTRICT
MXPOMERPOL,MXPOMERPOL_FK_IDR_PLATBY,IDR_PLATBY,MXPLATBY,IDR,0,CASCADE,RESTRICT
MXPOMERPOL,MXPOMERPOL_FK_IDR_RODPRI,IDR_RODPRI,MXRODPRISL,IDR,0,CASCADE,RESTRICT
MXPOMERPOL,MXPOMERPOL_FK_ID_MZDC,ID_MZDC,MXIDMZDC,IDPOL,0,CASCADE,CASCADE
MXPOMERPOL,MXPOMERPOL_FK_ID_POMERU,ID_POMERU,MXIDPOMERU,ID_POMERU,0,CASCADE,CASCADE
MXPOMERY,MXPOMERY_FK_DRUH_CIN,DRUH_CIN,MXDRUHCINOSSZ,DRUH,0,CASCADE,RESTRICT
MXPOMERY,MXPOMERY_FK_DRUH_POM,DRUH_POM,MXDRUHYPOM,IDR,0,CASCADE,RESTRICT
MXPOMERY,MXPOMERY_FK_IDR_VYCHOZI,IDR_VYCHOZI,MXVYCHOZI,IDR,0,CASCADE,RESTRICT
MXPOMERY,MXPOMERY_FK_IDR_ZAUC_SA,IDR_ZAUC_SA,MXZAUCSAB,IDR,0,CASCADE,RESTRICT
MXPOMERY,MXPOMERY_FK_IDR_ZDRP,IDR_ZDRP,MXODVODY,IDR,0,CASCADE,RESTRICT
MXPOMERY,MXPOMERY_FK_ID_OSOBY,ID_OSOBY,MXIDOSOB,ID_OSOBY,0,CASCADE,CASCADE
MXPOMERY,MXPOMERY_FK_ID_POMERU,ID_POMERU,MXIDPOMERU,ID_POMERU,0,CASCADE,CASCADE
MXPOMERY,MXPOMERY_FK_ID_PP_ZDAN,ID_PP_ZDAN,MXIDPOMERU,ID_POMERU,0,CASCADE,RESTRICT
MXPOMERY,MXPOMERY_FK_I_ZAKAZKA,I_ZAKAZKA,ZAKAZKA,IDR,0,CASCADE,SET NULL
MXPOMERY,MXPOMERY_FK_KODZAM,KODZAM,MXKODZAM,KOD,0,CASCADE,RESTRICT
MXPOMERY,MXPOMERY_FK_KOD_EVID_ST,KOD_EVID_ST,MXEVIDSTAV,KOD,0,CASCADE,RESTRICT
MXPOMERY,MXPOMERY_FK_PRAC_KAL,PRAC_KAL,MXPRACKAL,KOD,0,CASCADE,SET NULL
MXPOMERY,MXPOMERY_FK_STREDISKO,STREDISKO,STREDIS,CISLO,0,CASCADE,RESTRICT
MXPOMERY,MXPOMERY_FK_TYP_SMLOUVY,TYP_SMLOUVY,MXTYPSML,TYP,0,CASCADE,RESTRICT
MXPRACKDET,MXPRACKDET_FK_KOD_KAL,KOD_KAL,MXPRACKAL,KOD,0,CASCADE,CASCADE
MXPRACKDET,MXPRACKDET_FK_KOD_SM,KOD_SM,MXSMENY,KOD,0,CASCADE,RESTRICT
MXREGLISTY,MXREGLISTY_FK_IDR_POMERU,ID_POMERU,MXIDPOMERU,ID_POMERU,0,CASCADE,CASCADE
MXRODPRISL,MXRODPRISL_FK_ID_OSOBY,ID_OSOBY,MXIDOSOB,ID_OSOBY,0,CASCADE,CASCADE
MXSADYMCPOL,MXSADYMCPOL_FK_IDR_SADY,IDR_SADY,MXSADYMC,IDR,0,CASCADE,CASCADE
MXSADYMCPOL,MXSADYMCPOL_FK_ID_MZDC,ID_MZDC,MXIDMZDC,IDPOL,0,CASCADE,CASCADE
MXTESTYCOVID,MXTESTYCOVID_FK_ID_OSOBY,ID_OSOBY,MXIDOSOB,ID_OSOBY,0,CASCADE,CASCADE
MXUZAVDET,MXUZAVDET_FK_IDR_OBDOBI,IDR_OBDOBI,MXOBDOBI,IDR,0,CASCADE,CASCADE
MXUZAVDET,MXUZAVDET_FK_IDR_ODV,IDR_ODV,MXODVODY,IDR,0,CASCADE,RESTRICT
MXUZAVPOI,MXUZAVPOI_FK_IDR_OBDOBI,IDR_OBDOBI,MXOBDOBI,IDR,0,CASCADE,CASCADE
MXUZIVDOCHDET,MXUZIVDOCHDET_FK_IDR_MASTER,IDR_MASTER,MXUZIVDOCH,IDR,0,CASCADE,CASCADE
MXUZIVDOCHDET,MXUZIVDOCHDET_FK_ID_MZDC,ID_MZDC,MXIDMZDC,IDPOL,0,CASCADE,CASCADE
MXUZIVNAST,MXUZIVNAST_FK_FIRPRPR,USERID,FIRPRPR,IDENTIF,0,RESTRICT,CASCADE
MXVYCHPOL,MXVYCHPOL_FK_IDR_ODVOD,IDR_ODVOD,MXODVODY,IDR,0,CASCADE,SET NULL
MXVYCHPOL,MXVYCHPOL_FK_IDR_SADY,IDR_SADY,MXVYCHOZI,IDR,0,CASCADE,CASCADE
MXVYCHPOL,MXVYCHPOL_FK_ID_MZDC,ID_MZDC,MXIDMZDC,IDPOL,0,CASCADE,CASCADE
MXVYKONY,MXVYKONY_FK_IDR_OBDOBI,IDR_OBDOBI,MXOBDOBI,IDR,0,CASCADE,RESTRICT
MXVYKONY,MXVYKONY_FK_IDR_PRACE,IDR_PRACE,MXPRACE,IDR,0,CASCADE,RESTRICT
MXVYKONY,MXVYKONY_FK_ID_POMERU,ID_POMERU,MXIDPOMERU,ID_POMERU,0,CASCADE,CASCADE
MXVYKONY,MXVYKONY_FK_I_ZAKAZKA,I_ZAKAZKA,ZAKAZKA,IDR,0,CASCADE,SET NULL
MXVYKONY,MXVYKONY_FK_STREDISKO,STREDISKO,STREDIS,CISLO,0,CASCADE,RESTRICT
MXVZNEPRPRIJ,MXVZNEPRPRIJ_FK_IDR_MZDY,IDR_MZDY,MXMZDY,IDR,0,CASCADE,CASCADE
MXZAUCDET,MXZAUCDET_FK_DAL,DALS,OSNOVA,SYNTET,0,CASCADE,SET NULL
MXZAUCDET,MXZAUCDET_FK_DAL,DALA,OSNOVA,ANALYT,1,CASCADE,SET NULL
MXZAUCDET,MXZAUCDET_FK_IDR_ODVOD,IDR_ODVOD,MXODVODY,IDR,0,CASCADE,SET NULL
MXZAUCDET,MXZAUCDET_FK_IDR_SAB,IDR_SAB,MXZAUCSAB,IDR,0,CASCADE,CASCADE
MXZAUCDET,MXZAUCDET_FK_ID_MZDC,ID_MZDC,MXIDMZDC,IDPOL,0,CASCADE,CASCADE
MXZAUCDET,MXZAUCDET_FK_I_ZAKAZKA,I_ZAKAZKA,ZAKAZKA,IDR,0,CASCADE,SET NULL
MXZAUCDET,MXZAUCDET_FK_MADAT,MADATS,OSNOVA,SYNTET,0,CASCADE,SET NULL
MXZAUCDET,MXZAUCDET_FK_MADAT,MADATA,OSNOVA,ANALYT,1,CASCADE,SET NULL
MXZAUCDET,MXZAUCDET_FK_STREDISKO,STREDISKO,STREDIS,CISLO,0,CASCADE,SET NULL
MXZAUCSAB,MXZAUCSAB_FK_ID_POMERU,ID_POMERU,MXIDPOMERU,ID_POMERU,0,CASCADE,CASCADE
MXZMPLATZPOI,MXZMPLATZPOI_FK_ID_OSOBY,ID_OSOBY,MXIDOSOB,ID_OSOBY,0,CASCADE,CASCADE
OBAL,OBAL_FK_OBSAH,OBSAH,O_OBSAH,CISLO,0,RESTRICT,RESTRICT
OBAL,OBAL_FK_ODMENY,ODMENY,O_ODMENY,CISLO,0,RESTRICT,RESTRICT
OBAL,OBAL_FK_POUZITI,POUZITI,O_POUZITI,CISLO,0,RESTRICT,RESTRICT
OBAL,OBAL_FK_PUVOD,PUVOD,O_PUVOD,CISLO,0,RESTRICT,RESTRICT
OBAL,OBAL_FK_SPEC_EV,SPEC_EV,O_SPEC_EV,CISLO,0,RESTRICT,RESTRICT
OBAL,OBAL_FK_TYPOBALU,TYPOBALU,O_TYPOBALU,CISLO,0,RESTRICT,RESTRICT
OBAL,OBAL_FK_VYRAZENI,VYRAZENI,O_VYRAZENI,CISLO,0,RESTRICT,RESTRICT
OBALPOL,OBALPOL_FK_BARVA,BARVA,O_BARVA,CISLO,0,RESTRICT,RESTRICT
OBALPOL,OBALPOL_FK_JEDNOTKA,JEDNOTKA,O_JEDNOTKY,KOEFIC,0,RESTRICT,RESTRICT
OBALPOL,OBALPOL_FK_KOMPOZIT,KOMPOZIT,O_KOMPOZIT,CISLO,0,RESTRICT,RESTRICT
OBALPOL,OBALPOL_FK_KOVY,KOVY,O_KOVY,CISLO,0,RESTRICT,RESTRICT
OBALPOL,OBALPOL_FK_MATERIAL,MATERIAL,O_MATERIAL,CISLO,0,RESTRICT,RESTRICT
OBALPOL,OBALPOL_FK_OBAL,IDOBAL,OBAL,IDOBAL,0,RESTRICT,CASCADE
OBALPOL,OBALPOL_FK_OBJEM,OBJEM,O_OBJEM,CISLO,0,RESTRICT,RESTRICT
OBALPOL,OBALPOL_FK_PLASTY,PLASTY,O_PLASTY,CISLO,0,RESTRICT,RESTRICT
OBALPOL,OBALPOL_FK_SUROVINA,SUROVINA,O_SUROVINA,CISLO,0,RESTRICT,RESTRICT
OBALVYKAZP,OBALVYKAZP_FK_REFID,REFID,OBALVYKAZ,VYKAZID,0,RESTRICT,CASCADE
OBJPR,OBJPR_FK_ADRES,ICO,ADRES,ICO,0,CASCADE,RESTRICT
OBJPR,OBJPR_FK_ADRESPRIJ,ICOPRIJ,ADRES,ICO,0,CASCADE,RESTRICT
OBJPR,OBJPR_FK_KONTAKTY,IDKONTAKT,KONTAKTY,IDR,0,RESTRICT,SET NULL
OBJPR,OBJPR_FK_MENY,MENA,MENY,KOD,0,CASCADE,RESTRICT
OBJPR,OBJPR_FK_SKLADY,CISLOSKL,SKLADY,CISLO,0,CASCADE,RESTRICT
OBJPR,OBJPR_FK_STAT_DPH,STAT_DPH,STATY,KOD,0,CASCADE,RESTRICT
OBJPR,OBJPR_FK_STREDIS,STREDISKO,STREDIS,CISLO,0,CASCADE,RESTRICT
OBJPR,OBJPR_FK_TYPYDPH,TYPDPH,TYPYDPH,CISLO,0,CASCADE,RESTRICT
OBJPR,OBJPR_FK_USRLOCK,USRLOCK,FIRPRPR,P_MENO,0,CASCADE,SET NULL
OBJPR,OBJPR_FK_VATNUMBER,VATNUMBER,DPHREGEU,VATNUMBER,0,CASCADE,RESTRICT
OBJPR,OBJPR_FK_ZAKAZKA,CISLO_ZAK,ZAKAZKA,CISLO,0,CASCADE,RESTRICT
OBJPRPOL,OBJPRPOL_FK_IDNABPOL,IDNABPOL,OBJPRPOL,IDR,0,CASCADE,SET NULL
OBJPRPOL,OBJPRPOL_FK_IDRPOLR,IDRPOLR,OBJPRPOL,IDR,0,RESTRICT,CASCADE
OBJPRPOL,OBJPRPOL_FK_OBJPR,IDOBJ,OBJPR,IDOBJ,0,RESTRICT,RESTRICT
OBJPRPOL,OBJPRPOL_FK_OBJVYPOL,IDOBJVYPOL,OBJVYPOL,IDR,0,CASCADE,SET NULL
OBJPRPOL,OBJPRPOL_FK_SKKAR,IDRKAR,SKKAR,IDR,0,RESTRICT,RESTRICT
OBJPRPOL,OBJPRPOL_FK_SKLADY,CISLOSKL,SKLADY,CISLO,0,CASCADE,RESTRICT
OBJPRPOL,OBJPRPOL_FK_STREDIS,STREDISKO,STREDIS,CISLO,0,CASCADE,RESTRICT
OBJPRPOL,OBJPRPOL_FK_TYP_POL,TYP_POL,TYPYPOL,KOD,0,CASCADE,RESTRICT
OBJPRPOL,OBJPRPOL_FK_ZAKAZKA,CISLO_ZAK,ZAKAZKA,CISLO,0,CASCADE,RESTRICT
OBJPRTOTAL,OBJPRTOTAL_FK_MENA,MENA,MENY,KOD,0,CASCADE,RESTRICT
OBJPRTOTAL,OBJPRTOTAL_FK_OBJPR,IDMR,OBJPR,IDOBJ,0,RESTRICT,CASCADE
OBJPRTOTAL,OBJPRTOTAL_FK_TYPYDPH,TYPDPH,TYPYDPH,CISLO,0,RESTRICT,RESTRICT
OBJVY,OBJVY_FK_ADRES,ICO,ADRES,ICO,0,CASCADE,RESTRICT
OBJVY,OBJVY_FK_ADRESPRIJ,ICOPRIJ,ADRES,ICO,0,CASCADE,RESTRICT
OBJVY,OBJVY_FK_KONTAKTY,IDKONTAKT,KONTAKTY,IDR,0,RESTRICT,SET NULL
OBJVY,OBJVY_FK_MENY,MENA,MENY,KOD,0,CASCADE,RESTRICT
OBJVY,OBJVY_FK_SKLADY,CISLOSKL,SKLADY,CISLO,0,CASCADE,RESTRICT
OBJVY,OBJVY_FK_STAT_DPH,STAT_DPH,STATY,KOD,0,CASCADE,RESTRICT
OBJVY,OBJVY_FK_STREDIS,STREDISKO,STREDIS,CISLO,0,CASCADE,RESTRICT
OBJVY,OBJVY_FK_TYPYDPH,TYPDPH,TYPYDPH,CISLO,0,CASCADE,RESTRICT
OBJVY,OBJVY_FK_USRLOCK,USRLOCK,FIRPRPR,P_MENO,0,CASCADE,SET NULL
OBJVY,OBJVY_FK_VATNUMBER,VATNUMBER,DPHREGEU,VATNUMBER,0,CASCADE,RESTRICT
OBJVY,OBJVY_FK_ZAKAZKA,CISLO_ZAK,ZAKAZKA,CISLO,0,CASCADE,RESTRICT
OBJVYPOL,OBJVYPOL_FK_IDPOPPOL,IDPOPPOL,OBJVYPOL,IDR,0,CASCADE,SET NULL
OBJVYPOL,OBJVYPOL_FK_IDRPOLR,IDRPOLR,OBJVYPOL,IDR,0,RESTRICT,CASCADE
OBJVYPOL,OBJVYPOL_FK_OBJVY,IDOBJ,OBJVY,IDOBJ,0,RESTRICT,RESTRICT
OBJVYPOL,OBJVYPOL_FK_SKKAR,IDRKAR,SKKAR,IDR,0,RESTRICT,RESTRICT
OBJVYPOL,OBJVYPOL_FK_SKLADY,CISLOSKL,SKLADY,CISLO,0,CASCADE,RESTRICT
OBJVYPOL,OBJVYPOL_FK_STREDIS,STREDISKO,STREDIS,CISLO,0,CASCADE,RESTRICT
OBJVYPOL,OBJVYPOL_FK_TYP_POL,TYP_POL,TYPYPOL,KOD,0,CASCADE,RESTRICT
OBJVYPOL,OBJVYPOL_FK_ZAKAZKA,CISLO_ZAK,ZAKAZKA,CISLO,0,CASCADE,RESTRICT
OBJVYTOTAL,OBJVYTOTAL_FK_MENA,MENA,MENY,KOD,0,CASCADE,RESTRICT
OBJVYTOTAL,OBJVYTOTAL_FK_OBJVY,IDMR,OBJVY,IDOBJ,0,RESTRICT,CASCADE
OBJVYTOTAL,OBJVYTOTAL_FK_TYPYDPH,TYPDPH,TYPYDPH,CISLO,0,RESTRICT,RESTRICT
OPRAVTOTAL,OPRAVTOTAL_FK_MENA,MENA,MENY,KOD,0,CASCADE,RESTRICT
OPRAVTOTAL,OPRAVTOTAL_FK_OBJPR,IDMR,OPRAVY,IDOPR,0,RESTRICT,CASCADE
OPRAVTOTAL,OPRAVTOTAL_FK_TYPYDPH,TYPDPH,TYPYDPH,CISLO,0,RESTRICT,RESTRICT
OPRAVY,OBJPR_FK_TYPDPH,TYPDPH,TYPYDPH,CISLO,0,CASCADE,RESTRICT
OPRAVY,OPRAVY_FK_ICO,ICO,ADRES,ICO,0,CASCADE,RESTRICT
OPRAVY,OPRAVY_FK_ICODOD,ICODOD,ADRES,ICO,0,CASCADE,RESTRICT
OPRAVY,OPRAVY_FK_ICOPRIJ,ICOPRIJ,ADRES,ICO,0,CASCADE,RESTRICT
OPRAVY,OPRAVY_FK_IDFAKPR,IDFAKPR,FAKPR,IDFAK,0,CASCADE,SET NULL
OPRAVY,OPRAVY_FK_IDFAKVY,IDFAKVY,FAKVY,IDFAK,0,CASCADE,SET NULL
OPRAVY,OPRAVY_FK_IDOSPOH,IDOSPOH,OSPOH,IDPZ,0,CASCADE,SET NULL
OPRAVY,OPRAVY_FK_IDOSZAV,IDOSZAV,OSZAV,IDPZ,0,CASCADE,SET NULL
OPRAVY,OPRAVY_FK_IDPZASILKY,IDPZASILKY,PZASILKY,ID_PZASILKY,0,CASCADE,SET NULL
OPRAVY,OPRAVY_FK_IDRKAR,IDRKAR,SKKAR,IDR,0,CASCADE,SET NULL
OPRAVY,OPRAVY_FK_KONTAKTY,IDKONTAKT,KONTAKTY,IDR,0,RESTRICT,SET NULL
OPRAVY,OPRAVY_FK_MENY,MENA,MENY,KOD,0,CASCADE,RESTRICT
OPRAVY,OPRAVY_FK_POKDOK,IDPOKDOK,POKL,IDPOKDOK,0,CASCADE,SET NULL
OPRAVY,OPRAVY_FK_STAT_DPH,STAT_DPH,STATY,KOD,0,CASCADE,RESTRICT
OPRAVY,OPRAVY_FK_STREDIS,STREDISKO,STREDIS,CISLO,0,CASCADE,RESTRICT
OPRAVY,OPRAVY_FK_USRLOCK,USRLOCK,FIRPRPR,P_MENO,0,CASCADE,SET NULL
OPRAVY,OPRAVY_FK_VATNUMBER,VATNUMBER,DPHREGEU,VATNUMBER,0,CASCADE,RESTRICT
OPRAVY,OPRAVY_FK_ZAKAZKA,CISLO_ZAK,ZAKAZKA,CISLO,0,CASCADE,RESTRICT
OPRAVYACT,OPRAVYACT_FK_KOD,KOD,OPRCISACT,KOD,0,CASCADE,RESTRICT
OPRAVYACT,OPRAVYACT_FK_OPRAVY,IDOPR,OPRAVY,IDOPR,0,RESTRICT,CASCADE
OPRAVYMAT,OPRAVYMAT_FK_OPRAVY,IDOPR,OPRAVY,IDOPR,0,RESTRICT,CASCADE
OPRAVYMAT,OPRAVYMAT_FK_SKKAR,IDRKAR,SKKAR,IDR,0,RESTRICT,RESTRICT
OPRAVYMAT,OPRAVYMAT_FK_SKLADY,CISLOSKL,SKLADY,CISLO,0,CASCADE,RESTRICT
OPRAVYMAT,OPRAVYMAT_FK_STREDIS,STREDISKO,STREDIS,CISLO,0,CASCADE,RESTRICT
OPRAVYMAT,OPRAVYMAT_FK_TYP_POL,TYP_POL,TYPYPOL,KOD,0,CASCADE,RESTRICT
OPRAVYMAT,OPRAVYMAT_FK_ZAKAZKA,CISLO_ZAK,ZAKAZKA,CISLO,0,CASCADE,RESTRICT
OSNOVA,OSNOVA_FK_MENY,MENA,MENY,KOD,0,CASCADE,RESTRICT
OSPOH,OSPOH_FK_ADRES,ICO,ADRES,ICO,0,CASCADE,RESTRICT
OSPOH,OSPOH_FK_KODPLNENI,KODPLNENI,TYPYPLN,KODPLN,0,RESTRICT,RESTRICT
OSPOH,OSPOH_FK_KONTAKTY,IDKONTAKT,KONTAKTY,IDR,0,RESTRICT,SET NULL
OSPOH,OSPOH_FK_MENY,MENA,MENY,KOD,0,CASCADE,RESTRICT
OSPOH,OSPOH_FK_PDPOHYBY,PDSYNTET,PDPOHYBY,SYNTET,0,CASCADE,SET NULL
OSPOH,OSPOH_FK_PDPOHYBY,PDANALYT,PDPOHYBY,ANALYT,1,CASCADE,SET NULL
OSPOH,OSPOH_FK_PLKARTY,PLATKAR,PLKARTY,CISLO,0,CASCADE,RESTRICT
OSPOH,OSPOH_FK_STAT_DPH,STAT_DPH,STATY,KOD,0,CASCADE,RESTRICT
OSPOH,OSPOH_FK_STREDIS,STREDISKO,STREDIS,CISLO,0,CASCADE,RESTRICT
OSPOH,OSPOH_FK_TYPDOKL,TYP_DOKL,TYPDOKL,TYP_DOKL,0,RESTRICT,RESTRICT
OSPOH,OSPOH_FK_TYPYDPH,TYPDPH,TYPYDPH,CISLO,0,RESTRICT,RESTRICT
OSPOH,OSPOH_FK_TYPYPZ,TYP,TYPYPZ,TYP,0,CASCADE,RESTRICT
OSPOH,OSPOH_FK_TYP_POL,TYP_POL,TYPYPOL,KOD,0,CASCADE,RESTRICT
OSPOH,OSPOH_FK_UDPREDKONT,UDPREDKONT,POLUCDE,CISLO,0,CASCADE,SET NULL
OSPOH,OSPOH_FK_VATNUMBER,VATNUMBER,DPHREGEU,VATNUMBER,0,CASCADE,RESTRICT
OSPOH,OSPOH_FK_ZAKAZKA,CISLO_ZAK,ZAKAZKA,CISLO,0,CASCADE,RESTRICT
OSPOHPOL,OSPOHPOL_FK_OBJPRPOL,IDOBJPOL,OBJPRPOL,IDR,0,RESTRICT,SET NULL
OSPOHPOL,OSPOHPOL_FK_OPRAVY,IDOPR,OPRAVY,IDOPR,0,RESTRICT,SET NULL
OSPOHPOL,OSPOHPOL_FK_OPRAVYMAT,IDOPRMAT,OPRAVYMAT,IDR,0,RESTRICT,SET NULL
OSPOHPOL,OSPOHPOL_FK_OSPOH,IDPZ,OSPOH,IDPZ,0,RESTRICT,CASCADE
OSPOHPOL,OSPOHPOL_FK_SKKAR,CISLOKAR,SKKAR,CISLO,0,CASCADE,RESTRICT
OSPOHPOL,OSPOHPOL_FK_SKPOH,IDSKPOH,SKPOH,IDPOH,0,RESTRICT,SET NULL
OSPOHPOL,OSPOHPOL_FK_SKPOHPOL,IDSKPOHPOL,SKPOHPOL,IDPOHPOL,0,RESTRICT,SET NULL
OSPOHPOL,OSPOHPOL_FK_STREDIS,STREDISKO,STREDIS,CISLO,0,CASCADE,RESTRICT
OSPOHPOL,OSPOHPOL_FK_TYPYDPH,TYPDPH,TYPYDPH,CISLO,0,RESTRICT,RESTRICT
OSPOHPOL,OSPOHPOL_FK_TYP_POL,TYP_POL,TYPYPOL,KOD,0,CASCADE,RESTRICT
OSPOHPOL,OSPOHPOL_FK_ZAKAZKA,CISLO_ZAK,ZAKAZKA,CISLO,0,CASCADE,RESTRICT
OSPOHSPL,OSPOHSPL_FK_BANKY,IDBANKY,BANKY,IDR,0,RESTRICT,RESTRICT
OSPOHTOTAL,OSPOHTOTAL_FK_MENA,MENA,MENY,KOD,0,CASCADE,RESTRICT
OSPOHTOTAL,OSPOHTOTAL_FK_OSPOH,IDMR,OSPOH,IDPZ,0,RESTRICT,CASCADE
OSPOHTOTAL,OSPOHTOTAL_FK_TYPYDPH,TYPDPH,TYPYDPH,CISLO,0,RESTRICT,RESTRICT
OSPOHUHR,OSPOHUHR_FK_BANKY,IDBANKY,BANKY,IDR,0,RESTRICT,RESTRICT
OSPOHUHR,OSPOHUHR_FK_BANOBRAT,IDBANOBRAT,BANOBRAT,IDR,0,RESTRICT,SET NULL
OSPOHUHR,OSPOHUHR_FK_CISPOKL,IDPOKL,CISPOKL,IDPOKL,0,RESTRICT,RESTRICT
OSPOHUHR,OSPOHUHR_FK_MENY,MENA,MENY,KOD,0,CASCADE,RESTRICT
OSPOHUHR,OSPOHUHR_FK_OSPOH,IDPZ,OSPOH,IDPZ,0,RESTRICT,CASCADE
OSPOHUHR,OSPOHUHR_FK_ZAPOCPOL,IDZAPOCPOL,ZAPOCPOL,IDR,0,RESTRICT,CASCADE
OSZAV,OSZAV_FK_ADRES,ICO,ADRES,ICO,0,CASCADE,RESTRICT
OSZAV,OSZAV_FK_ADRESBAN,IDADRBAN,ADRESBAN,IDR,0,RESTRICT,SET NULL
OSZAV,OSZAV_FK_MENY,MENA,MENY,KOD,0,CASCADE,RESTRICT
OSZAV,OSZAV_FK_PDPOHYBY,PDSYNTET,PDPOHYBY,SYNTET,0,CASCADE,SET NULL
OSZAV,OSZAV_FK_PDPOHYBY,PDANALYT,PDPOHYBY,ANALYT,1,CASCADE,SET NULL
OSZAV,OSZAV_FK_PLKARTY,PLATKAR,PLKARTY,CISLO,0,CASCADE,RESTRICT
OSZAV,OSZAV_FK_STAT_DPH,STAT_DPH,STATY,KOD,0,CASCADE,RESTRICT
OSZAV,OSZAV_FK_STREDIS,STREDISKO,STREDIS,CISLO,0,CASCADE,RESTRICT
OSZAV,OSZAV_FK_TYPDOKL,TYP_DOKL,TYPDOKL,TYP_DOKL,0,RESTRICT,RESTRICT
OSZAV,OSZAV_FK_TYPYDPH,TYPDPH,TYPYDPH,CISLO,0,RESTRICT,RESTRICT
OSZAV,OSZAV_FK_TYPYPZ,TYP,TYPYPZ,TYP,0,CASCADE,RESTRICT
OSZAV,OSZAV_FK_TYP_POL,TYP_POL,TYPYPOL,KOD,0,CASCADE,RESTRICT
OSZAV,OSZAV_FK_UDPREDKONT,UDPREDKONT,POLUCDE,CISLO,0,CASCADE,SET NULL
OSZAV,OSZAV_FK_VATNUMBER,VATNUMBER,DPHREGEU,VATNUMBER,0,CASCADE,RESTRICT
OSZAV,OSZAV_FK_ZAKAZKA,CISLO_ZAK,ZAKAZKA,CISLO,0,CASCADE,RESTRICT
OSZAVPOL,OSZAVPOL_FK_OBJVYPOL,IDOBJPOL,OBJVYPOL,IDR,0,RESTRICT,SET NULL
OSZAVPOL,OSZAVPOL_FK_OPRAVY,IDOPR,OPRAVY,IDOPR,0,RESTRICT,SET NULL
OSZAVPOL,OSZAVPOL_FK_OPRAVYMAT,IDOPRMAT,OPRAVYMAT,IDR,0,RESTRICT,SET NULL
OSZAVPOL,OSZAVPOL_FK_OSZAV,IDPZ,OSZAV,IDPZ,0,RESTRICT,CASCADE
OSZAVPOL,OSZAVPOL_FK_SKKAR,CISLOKAR,SKKAR,CISLO,0,CASCADE,RESTRICT
OSZAVPOL,OSZAVPOL_FK_SKPOH,IDSKPOH,SKPOH,IDPOH,0,RESTRICT,SET NULL
OSZAVPOL,OSZAVPOL_FK_SKPOHPOL,IDSKPOHPOL,SKPOHPOL,IDPOHPOL,0,RESTRICT,SET NULL
OSZAVPOL,OSZAVPOL_FK_STREDIS,STREDISKO,STREDIS,CISLO,0,CASCADE,RESTRICT
OSZAVPOL,OSZAVPOL_FK_TYPYDPH,TYPDPH,TYPYDPH,CISLO,0,RESTRICT,RESTRICT
OSZAVPOL,OSZAVPOL_FK_TYP_POL,TYP_POL,TYPYPOL,KOD,0,CASCADE,RESTRICT
OSZAVPOL,OSZAVPOL_FK_ZAKAZKA,CISLO_ZAK,ZAKAZKA,CISLO,0,CASCADE,RESTRICT
OSZAVSPL,OSZAVSPL_FK_ADRESBAN,IDADRBAN,ADRESBAN,IDR,0,RESTRICT,SET NULL
OSZAVSPL,OSZAVSPL_FK_BANKY,IDBANKY,BANKY,IDR,0,RESTRICT,RESTRICT
OSZAVTOTAL,OSZAVTOTAL_FK_MENA,MENA,MENY,KOD,0,CASCADE,RESTRICT
OSZAVTOTAL,OSZAVTOTAL_FK_OSPOH,IDMR,OSZAV,IDPZ,0,RESTRICT,CASCADE
OSZAVTOTAL,OSZAVTOTAL_FK_TYPYDPH,TYPDPH,TYPYDPH,CISLO,0,RESTRICT,RESTRICT
OSZAVUHR,OSZAVUHR_FK_BANKY,IDBANKY,BANKY,IDR,0,RESTRICT,RESTRICT
OSZAVUHR,OSZAVUHR_FK_BANOBRAT,IDBANOBRAT,BANOBRAT,IDR,0,RESTRICT,SET NULL
OSZAVUHR,OSZAVUHR_FK_CISPOKL,IDPOKL,CISPOKL,IDPOKL,0,RESTRICT,RESTRICT
OSZAVUHR,OSZAVUHR_FK_MENY,MENA,MENY,KOD,0,CASCADE,RESTRICT
OSZAVUHR,OSZAVUHR_FK_OSZAV,IDPZ,OSZAV,IDPZ,0,RESTRICT,CASCADE
OSZAVUHR,OSZAVUHR_FK_ZAPOCPOL,IDZAPOCPOL,ZAPOCPOL,IDR,0,RESTRICT,CASCADE
O_CENY,O_CENY_FK_KOVY,KOVY,O_KOVY,CISLO,0,RESTRICT,RESTRICT
O_CENY,O_CENY_FK_MATERIAL,MATERIAL,O_MATERIAL,CISLO,0,RESTRICT,RESTRICT
O_CENY,O_CENY_FK_PLASTY,PLASTY,O_PLASTY,CISLO,0,RESTRICT,RESTRICT
O_CENY,O_CENY_FK_POUZITI,POUZITI,O_POUZITI,CISLO,0,RESTRICT,RESTRICT
O_CENY,O_CENY_FK_TYPOBALU,TYPOBALU,O_TYPOBALU,CISLO,0,RESTRICT,RESTRICT
PALIVA,PALIVA_FK_PHM,DRUH,PHM,DRUH,0,CASCADE,RESTRICT
PDPOCSTAVY,PDPOCSTAVY_FK_PDTYPYPS,IDTYP,PDTYPYPS,IDR,0,RESTRICT,RESTRICT
PDPOCSTAVY,PDPOCSTAVY_FK_STREDIS,STREDISKO,STREDIS,CISLO,0,CASCADE,RESTRICT
PDPREDKONT,PDPREDKONT_FK_PDPOHYBY,SYNTET,PDPOHYBY,SYNTET,0,CASCADE,RESTRICT
PDPREDKONT,PDPREDKONT_FK_PDPOHYBY,ANALYT,PDPOHYBY,ANALYT,1,CASCADE,RESTRICT
PDPREDKONT,PDPREDKONT_FK_STREDIS,STREDISKO,STREDIS,CISLO,0,CASCADE,RESTRICT
PDPREDKONT,PDPREDKONT_FK_ZAKAZKA,CISLO_ZAK,ZAKAZKA,CISLO,0,CASCADE,RESTRICT
PDVYKAZYP,PDVYKAZYP_FK_REFID,REFID,PDVYKAZY,IDR,0,RESTRICT,CASCADE
PDVYKPVP,PDVYKPVP_FK_REFID,REFID,PDVYKAZYPV,IDR,0,RESTRICT,CASCADE
PDVYKUZP,PDVYKUZP_FK_REFID,REFID,PDVYKAZYUZ,IDR,0,RESTRICT,CASCADE
PENDE,PENDE_FK_BANKY,IDBANKY,BANKY,IDR,0,RESTRICT,RESTRICT
PENDE,PENDE_FK_BANKYMENA,IDBANKY,BANKY,IDR,0,RESTRICT,RESTRICT
PENDE,PENDE_FK_BANKYMENA,MENA,BANKY,MENA,1,RESTRICT,RESTRICT
PENDE,PENDE_FK_BANOBRAT,IDBANOBRAT,BANOBRAT,IDR,0,RESTRICT,CASCADE
PENDE,PENDE_FK_BANOBRATMENA,IDBANOBRAT,BANOBRAT,IDR,0,RESTRICT,RESTRICT
PENDE,PENDE_FK_BANOBRATMENA,MENA,BANOBRAT,MENA,1,RESTRICT,RESTRICT
PENDE,PENDE_FK_CISPOKL,IDPOKL,CISPOKL,IDPOKL,0,RESTRICT,RESTRICT
PENDE,PENDE_FK_CISPOKLMENA,IDPOKL,CISPOKL,IDPOKL,0,RESTRICT,RESTRICT
PENDE,PENDE_FK_CISPOKLMENA,MENA,CISPOKL,MENA,1,RESTRICT,RESTRICT
PENDE,PENDE_FK_FAKPRUHR,IDUHR_FP,FAKPRUHR,IDR,0,RESTRICT,CASCADE
PENDE,PENDE_FK_FAKPRUHRMENA,IDUHR_FP,FAKPRUHR,IDR,0,RESTRICT,RESTRICT
PENDE,PENDE_FK_FAKPRUHRMENA,MENA,FAKPRUHR,MENA,1,RESTRICT,RESTRICT
PENDE,PENDE_FK_FAKVYUHR,IDUHR_FV,FAKVYUHR,IDR,0,RESTRICT,CASCADE
PENDE,PENDE_FK_FAKVYUHRMENA,IDUHR_FV,FAKVYUHR,IDR,0,RESTRICT,RESTRICT
PENDE,PENDE_FK_FAKVYUHRMENA,MENA,FAKVYUHR,MENA,1,RESTRICT,RESTRICT
PENDE,PENDE_FK_INTDOK,IDINTDOK,INTDOK,IDMR,0,RESTRICT,CASCADE
PENDE,PENDE_FK_INTDOKMENA,IDINTDOK,INTDOK,IDMR,0,RESTRICT,RESTRICT
PENDE,PENDE_FK_INTDOKMENA,MENA,INTDOK,MENA,1,RESTRICT,RESTRICT
PENDE,PENDE_FK_OSPOHUHR,IDUHR_PH,OSPOHUHR,IDR,0,RESTRICT,CASCADE
PENDE,PENDE_FK_OSPOHUHRMENA,IDUHR_PH,OSPOHUHR,IDR,0,RESTRICT,RESTRICT
PENDE,PENDE_FK_OSPOHUHRMENA,MENA,OSPOHUHR,MENA,1,RESTRICT,RESTRICT
PENDE,PENDE_FK_OSZAVUHR,IDUHR_ZV,OSZAVUHR,IDR,0,RESTRICT,CASCADE
PENDE,PENDE_FK_OSZAVUHRMENA,IDUHR_ZV,OSZAVUHR,IDR,0,RESTRICT,RESTRICT
PENDE,PENDE_FK_OSZAVUHRMENA,MENA,OSZAVUHR,MENA,1,RESTRICT,RESTRICT
PENDE,PENDE_FK_PENDE_IDPDX,IDPDX,PENDE,IDPD,0,RESTRICT,CASCADE
PENDE,PENDE_FK_POKL,IDPOKDOK,POKL,IDPOKDOK,0,RESTRICT,CASCADE
PENDE,PENDE_FK_POKLMENA,IDPOKDOK,POKL,IDPOKDOK,0,RESTRICT,RESTRICT
PENDE,PENDE_FK_POKLMENA,MENA,POKL,MENA,1,RESTRICT,RESTRICT
PENDEPOL,PENDEPOL_FK_PDPOHYBY,POHYB,PDPOHYBY,SYNTET,0,CASCADE,RESTRICT
PENDEPOL,PENDEPOL_FK_PDPOHYBY,ANALYTIKA,PDPOHYBY,ANALYT,1,CASCADE,RESTRICT
PENDEPOL,PENDEPOL_FK_PENDE,IDPD,PENDE,IDPD,0,RESTRICT,CASCADE
PENDEPOL,PENDEPOL_FK_STREDIS,STREDISKO,STREDIS,CISLO,0,CASCADE,RESTRICT
PENDEPOL,PENDEPOL_FK_ZAKAZKA,CISLO_ZAK,ZAKAZKA,CISLO,0,CASCADE,RESTRICT
PEVIDPOLOZKY,PEVIDPOLOZKY_FK_PEVIDLISTKY,ID_PEVIDLISTKY,PEVIDLISTKY,ID_PEVIDLISTKY,0,RESTRICT,CASCADE
PLATIDLA,PLATIDLA_FK_MENY,MENA,MENY,KOD,0,CASCADE,CASCADE
POCZOS,POCZOS_FK_OSNOVA,SYNTET,OSNOVA,SYNTET,0,CASCADE,CASCADE
POCZOS,POCZOS_FK_OSNOVA,ANALYT,OSNOVA,ANALYT,1,CASCADE,CASCADE
POCZOS,POCZOS_FK_STREDIS,STREDISKO,STREDIS,CISLO,0,CASCADE,RESTRICT
POKL,POKL_FK_ADRES,ICO,ADRES,ICO,0,CASCADE,RESTRICT
POKL,POKL_FK_CISPOKL,IDPOKL,CISPOKL,IDPOKL,0,RESTRICT,RESTRICT
POKL,POKL_FK_FAKPRUHR,IDUHR_FP,FAKPRUHR,IDR,0,RESTRICT,SET NULL
POKL,POKL_FK_FAKVYUHR,IDUHR_FV,FAKVYUHR,IDR,0,RESTRICT,SET NULL
POKL,POKL_FK_KODPLNENI,KODPLNENI,TYPYPLN,KODPLN,0,RESTRICT,RESTRICT
POKL,POKL_FK_OSPOHUHR,IDUHR_PH,OSPOHUHR,IDR,0,RESTRICT,SET NULL
POKL,POKL_FK_OSZAVUHR,IDUHR_ZV,OSZAVUHR,IDR,0,RESTRICT,SET NULL
POKL,POKL_FK_PDPOHYBY,PDSYNTET,PDPOHYBY,SYNTET,0,CASCADE,SET NULL
POKL,POKL_FK_PDPOHYBY,PDANALYT,PDPOHYBY,ANALYT,1,CASCADE,SET NULL
POKL,POKL_FK_STAT_DPH,STAT_DPH,STATY,KOD,0,CASCADE,RESTRICT
POKL,POKL_FK_STREDIS,STREDISKO,STREDIS,CISLO,0,CASCADE,RESTRICT
POKL,POKL_FK_TYPDOKL,TYP_DOKL,TYPDOKL,TYP_DOKL,0,RESTRICT,RESTRICT
POKL,POKL_FK_TYPYDPH,TYPDPH,TYPYDPH,CISLO,0,RESTRICT,RESTRICT
POKL,POKL_FK_TYP_POL,TYP_POL,TYPYPOL,KOD,0,CASCADE,RESTRICT
POKL,POKL_FK_UDPREDKONT,UDPREDKONT,POLUCDE,CISLO,0,CASCADE,SET NULL
POKL,POKL_FK_VATNUMBER,VATNUMBER,DPHREGEU,VATNUMBER,0,CASCADE,RESTRICT
POKL,POKL_FK_ZAKAZKA,CISLO_ZAK,ZAKAZKA,CISLO,0,CASCADE,RESTRICT
POKLPOL,POKLPOL_FK_OBJPRPOL,IDOBJPOL,OBJPRPOL,IDR,0,RESTRICT,SET NULL
POKLPOL,POKLPOL_FK_OPRAVY,IDOPR,OPRAVY,IDOPR,0,RESTRICT,SET NULL
POKLPOL,POKLPOL_FK_OPRAVYMAT,IDOPRMAT,OPRAVYMAT,IDR,0,RESTRICT,SET NULL
POKLPOL,POKLPOL_FK_POKL,IDPOKDOK,POKL,IDPOKDOK,0,RESTRICT,CASCADE
POKLPOL,POKLPOL_FK_SKPOH,IDSKPOH,SKPOH,IDPOH,0,RESTRICT,SET NULL
POKLPOL,POKLPOL_FK_SKPOHPOL,IDSKPOHPOL,SKPOHPOL,IDPOHPOL,0,RESTRICT,SET NULL
POKLPOL,POKLPOL_FK_STREDIS,STREDISKO,STREDIS,CISLO,0,CASCADE,RESTRICT
POKLPOL,POKLPOL_FK_TYPYDPH,TYPDPH,TYPYDPH,CISLO,0,RESTRICT,RESTRICT
POKLPOL,POKLPOL_FK_TYP_POL,TYP_POL,TYPYPOL,KOD,0,CASCADE,RESTRICT
POKLPOL,POKLPOL_FK_ZAKAZKA,CISLO_ZAK,ZAKAZKA,CISLO,0,CASCADE,RESTRICT
POKLTOTAL,POKLTOTAL_FK_MENA,MENA,MENY,KOD,0,CASCADE,RESTRICT
POKLTOTAL,POKLTOTAL_FK_POKL,IDMR,POKL,IDPOKDOK,0,RESTRICT,CASCADE
POKLTOTAL,POKLTOTAL_FK_TYPYDPH,TYPDPH,TYPYDPH,CISLO,0,RESTRICT,RESTRICT
POLFAK,POLFAK_FK_STREDIS,STREDISKO,STREDIS,CISLO,0,CASCADE,SET NULL
POLFAK,POLFAK_FK_TYPYDPH,TYPDPH,TYPYDPH,CISLO,0,RESTRICT,RESTRICT
POLFAK,POLFAK_FK_TYP_POL,TYP_POL,TYPYPOL,KOD,0,CASCADE,RESTRICT
POLFAK,POLFAK_FK_ZAKAZKA,CISLO_ZAK,ZAKAZKA,CISLO,0,CASCADE,SET NULL
POLUCDE,POLUCDE_FK_CINNOST,CINNOST,CINNOSTI,CISLO,0,CASCADE,RESTRICT
POLUCDE,POLUCDE_FK_OSNOVA_DAL,DALS,OSNOVA,SYNTET,0,CASCADE,RESTRICT
POLUCDE,POLUCDE_FK_OSNOVA_DAL,DALA,OSNOVA,ANALYT,1,CASCADE,RESTRICT
POLUCDE,POLUCDE_FK_OSNOVA_MADAT,MADATS,OSNOVA,SYNTET,0,CASCADE,RESTRICT
POLUCDE,POLUCDE_FK_OSNOVA_MADAT,MADATA,OSNOVA,ANALYT,1,CASCADE,RESTRICT
POLUCDE,POLUCDE_FK_STREDIS,STREDISKO,STREDIS,CISLO,0,CASCADE,RESTRICT
POLUCDE,POLUCDE_FK_ZAKAZKA,CISLO_ZAK,ZAKAZKA,CISLO,0,CASCADE,RESTRICT
POSTCFG,POSTCFG_FK_STREDISKA,STREDISKO,STREDIS,CISLO,0,CASCADE,RESTRICT
PPOUKAZKY,PPOUKAZKY_FK_ADRBANODES,ID_ADRBANODES,ADRESBAN,IDR,0,RESTRICT,SET NULL
PPOUKAZKY,PPOUKAZKY_FK_ADRBANPRIJ,ID_ADRBANPRIJ,ADRESBAN,IDR,0,RESTRICT,SET NULL
PPOUKAZKY,PPOUKAZKY_FK_ADRODES,ID_ADRODES,ADRES,IDRADR,0,RESTRICT,SET NULL
PPOUKAZKY,PPOUKAZKY_FK_ADRPRIJ,ID_ADRPRIJ,ADRES,IDRADR,0,RESTRICT,RESTRICT
PPOUKAZKY,PPOUKAZKY_FK_PTYPYPOUKAZ,ID_PTYPYPOUKAZ,PTYPYPOUKAZ,ID_PTYPYPOUKAZ,0,RESTRICT,RESTRICT
PPOUKAZKY,PPOUKAZKY_FK_STREDISKA,STREDISKO,STREDIS,CISLO,0,CASCADE,RESTRICT
PPOUKSAZBA,PPOUKSAZBA_FK_PTYPYPOUKAZ,ID_PTYPYPOUKAZ,PTYPYPOUKAZ,ID_PTYPYPOUKAZ,0,RESTRICT,CASCADE
PPOZADSLUZBY,PPOZADSLUZBY_FK_PSEZSLUZEB,ID_PSEZSLUZEB,PSEZSLUZEB,ID_PSEZSLUZEB,0,RESTRICT,CASCADE
PPOZADSLUZBY,PPOZADSLUZBY_FK_PTYPYZASIL,ID_PTYPYZASIL,PTYPYZASIL,ID_PTYPYZASIL,0,RESTRICT,CASCADE
PPRIJPOSTA,PPRIJPOSTA_FK_ADRESY,ID_ADRESY,ADRES,IDRADR,0,RESTRICT,RESTRICT
PPRIJPOSTA,PPRIJPOSTA_FK_PTYPYPRIJPOSTY,ID_PTYPYPRIJPOSTY,PTYPYPRIJPOSTY,ID_PTYPYPRIJPOSTY,0,RESTRICT,RESTRICT
PPRIJPOSTA,PPRIJPOSTA_FK_PVYRIZOVATELE,ID_PVYRIZOVATELE,PVYRIZOVATELE,ID_PVYRIZOVATELE,0,RESTRICT,CASCADE
PPRIJPOSTA,PPRIJPOSTA_FK_STREDISKA,STREDISKO,STREDIS,CISLO,0,CASCADE,RESTRICT
PPRIJPOSTPRIL,PPRIJPOSTPRIL_FK_PPRIJPOSTA,ID_PPRIJPOSTA,PPRIJPOSTA,ID_PPRIJPOSTA,0,RESTRICT,CASCADE
PRIKUHR,PRIKUHR_FK_MENY,H_MENA,MENY,KOD,0,CASCADE,RESTRICT
PRIKUHRPOL,PRIKUHRPOL_FK_BANKY,IDPOPL,BANKY,IDR,0,RESTRICT,RESTRICT
PRIKUHRPOL,PRIKUHRPOL_FK_FAKPR,IDFAK,FAKPR,IDFAK,0,RESTRICT,SET NULL
PRIKUHRPOL,PRIKUHRPOL_FK_FAKVY,IDFV,FAKVY,IDFAK,0,RESTRICT,SET NULL
PRIKUHRPOL,PRIKUHRPOL_FK_IDHEAD,IDHEAD,PRIKUHR,IDR,0,RESTRICT,CASCADE
PRIKUHRPOL,PRIKUHRPOL_FK_MENY,MENA,MENY,KOD,0,CASCADE,RESTRICT
PRIKUHRPOL,PRIKUHRPOL_FK_MXMZDYPOL,IDMZPL,MXMZDYPOL,IDR,0,RESTRICT,SET NULL
PRIKUHRPOL,PRIKUHRPOL_FK_MXUZAVDET,IDMZOD,MXUZAVDET,IDR,0,RESTRICT,SET NULL
PRIKUHRPOL,PRIKUHRPOL_FK_OSPOH,IDPH,OSPOH,IDPZ,0,RESTRICT,SET NULL
PRIKUHRPOL,PRIKUHRPOL_FK_OSZAV,IDZV,OSZAV,IDPZ,0,RESTRICT,SET NULL
PRIKUHRPOL,PRIKUHRPOL_FK_PRIKUHRPOL,IDRM,PRIKUHRPOL,IDR,0,RESTRICT,SET NULL
PRIKUHRPOL,PRIKUHRPOL_FK_STALEPL,IDSTPL,STALEPL,IDR,0,RESTRICT,SET NULL
PRIKUHRPOL,PRIKUHRPOL_FK_STAT,STAT,STATY,KOD,0,CASCADE,RESTRICT
PRIKUHRPOLZ,PRIKUHRPOLZ_FK_IDHEAD,IDHEAD,PRIKUHR,IDR,0,RESTRICT,CASCADE
PRIKUHRPOLZ,PRIKUHRPOLZ_FK_IDPOL,IDPOL,PRIKUHRPOL,IDR,0,RESTRICT,CASCADE
PROFILY,PROFILY_FK_USERID,USERID,FIRPRPR,IDENTIF,0,RESTRICT,CASCADE
PROFILYP,PROFILYP_FK_REFID,REFID,PROFILY,IDR,0,RESTRICT,CASCADE
PROJEKTKON,PROJEKTKON_FK_IDRKON,IDRKON,KONTAKTY,IDR,0,RESTRICT,CASCADE
PROJEKTKON,PROJEKTKON_FK_IDRM,IDRM,PROJEKTY,IDRM,0,RESTRICT,CASCADE
PROJEKTUSR,PROJEKTUSR_FK_IDRM,IDRM,PROJEKTY,IDRM,0,RESTRICT,CASCADE
PROJEKTUSR,PROJEKTUSR_FK_USERID,USERID,FIRPRPR,IDENTIF,0,RESTRICT,CASCADE
PROJEKTY,PROJEKTY_FK_ADRES,ICO,ADRES,ICO,0,CASCADE,SET NULL
PROJEKTY,PROJEKTY_FK_CISLO_ZAK,CISLO_ZAK,ZAKAZKA,CISLO,0,CASCADE,RESTRICT
PROJEKTY,PROJEKTY_FK_STREDIS,STREDISKO,STREDIS,CISLO,0,CASCADE,RESTRICT
PROJEKTY,PROJEKTY_FK_TYPPROJ,TYPPROJ,TYPPROJEKT,KOD,0,CASCADE,RESTRICT
PTYPUDCENY,PTYPUDCENY_FK_PPREPRAVCI,ID_PPREPRAVCI,PPREPRAVCI,ID_PPREPRAVCI,0,RESTRICT,CASCADE
PTYPYZASIL,PTYPYZASIL_FK_PPREPRAVCI,ID_PPREPRAVCI,PPREPRAVCI,ID_PPREPRAVCI,0,RESTRICT,CASCADE
PTYPYZASIL,PTYPYZASIL_FK_PTYPUDCENY,ID_PTYPUDCENY,PTYPUDCENY,ID_PTYPUDCENY,0,RESTRICT,CASCADE
PTYPYZASIL,PTYPYZASIL_FK_PTYPYPOUKAZ,ID_PTYPYPOUKAZ,PTYPYPOUKAZ,ID_PTYPYPOUKAZ,0,RESTRICT,CASCADE
PTYPYZASIL,PTYPYZASIL_FK_PZASILCENIK,ID_PZASILCENIK,PZASILCENIK,ID_PZASILCENIK,0,RESTRICT,CASCADE
PUDANACENA,PUDANACENA_FK_PTYPUDCENY,ID_PTYPUDCENY,PTYPUDCENY,ID_PTYPUDCENY,0,RESTRICT,CASCADE
PZAKKARTY,PZAKKARTY_FK_CENSKUP,CENSKUP,CENSKUP,CISLO,0,CASCADE,RESTRICT
PZAKKARTYP,PZAKKARTYP_FK_IDRPZK,IDRPZK,PZAKKARTY,IDRPZK,0,CASCADE,CASCADE
PZASILKY,PZASILKY_FK_ADRESY,ID_ADRESY,ADRES,IDRADR,0,RESTRICT,RESTRICT
PZASILKY,PZASILKY_FK_BANKY,ID_BANKY,BANKY,IDR,0,RESTRICT,RESTRICT
PZASILKY,PZASILKY_FK_HLAVNI,ID_HLAVNI,PZASILKY,ID_PZASILKY,0,RESTRICT,CASCADE
PZASILKY,PZASILKY_FK_PPRIJPOSTA,ID_PPRIJPOSTA,PPRIJPOSTA,ID_PPRIJPOSTA,0,RESTRICT,SET NULL
PZASILKY,PZASILKY_FK_PTYPYOBALEK,ID_PTYPYOBALEK,PTYPYOBALEK,ID_PTYPYOBALEK,0,RESTRICT,SET NULL
PZASILKY,PZASILKY_FK_PTYPYZASIL,ID_PTYPYZASIL,PTYPYZASIL,ID_PTYPYZASIL,0,RESTRICT,RESTRICT
PZASILKY,PZASILKY_FK_STREDISKA,STREDISKO,STREDIS,CISLO,0,CASCADE,RESTRICT
PZASILSAZBY,PZASILSAZBY_FK_PZASILCENIK,ID_PZASILCENIK,PZASILCENIK,ID_PZASILCENIK,0,RESTRICT,CASCADE
SAZBYDPH,SAZBYDPH_FK_KODSTAT,KODSTAT,STATY,KOD,0,CASCADE,RESTRICT
SKDRUPOH,SKDRUPOH_FK_CENSKUP,CENSKUP,CENSKUP,CISLO,0,CASCADE,SET NULL
SKDRUPOHZ,SKDRUPOHZ_FK_MENA,MENA,MENY,KOD,0,CASCADE,CASCADE
SKDRUPOHZ,SKDRUPOHZ_FK_SKDRUPOH,IDRDP,SKDRUPOH,IDR,0,CASCADE,CASCADE
SKKAR,SKKAR_FK_DMJ,DMJ,DOPLMJ,KOD,0,CASCADE,RESTRICT
SKKAR,SKKAR_FK_DODAVATEL,DODAVATEL,ADRES,ICO,0,CASCADE,SET NULL
SKKAR,SKKAR_FK_EKODAN,EKO_KOD,SPOTRDAN,KOD,0,CASCADE,SET NULL
SKKAR,SKKAR_FK_LIHDAN,LIH_KOD,SPOTRDAN,KOD,0,CASCADE,SET NULL
SKKAR,SKKAR_FK_MAXSLEVAL,MAXSLEVAL,SKKARMAXZL,KOD,0,CASCADE,SET NULL
SKKAR,SKKAR_FK_OBAL_B,IDOBAL_B,OBAL,IDOBAL,0,CASCADE,RESTRICT
SKKAR,SKKAR_FK_OBAL_K,IDOBAL_K,OBAL,IDOBAL,0,CASCADE,RESTRICT
SKKAR,SKKAR_FK_OBAL_P,IDOBAL_P,OBAL,IDOBAL,0,CASCADE,RESTRICT
SKKAR,SKKAR_FK_PUVODKR,PUVODKR,KRAJE,KOD,0,CASCADE,SET NULL
SKKAR,SKKAR_FK_PUVODST,PUVODST,STATY,KOD,0,CASCADE,SET NULL
SKKAR,SKKAR_FK_SAZEBNIK,POLSA,SAZEBNIK,KOD,0,CASCADE,RESTRICT
SKKAR,SKKAR_FK_SAZEBNIK,DOPLKOD,SAZEBNIK,DOPLKOD,1,CASCADE,RESTRICT
SKKAR,SKKAR_FK_SKKARKAT,CISKAT,SKKARKAT,CISKAT,0,CASCADE,SET NULL
SKKAR,SKKAR_FK_SKKARSKU,SKUPINA,SKKARSKU,SKUPINA,0,CASCADE,SET NULL
SKKAR,SKKAR_FK_SKRECYKL,RECYKL_KOD,SKRECYKL,RECYKL_KOD,0,CASCADE,SET NULL
SKKAR,SKKAR_FK_SPOTRDAN,SPOTR_KOD,SPOTRDAN,KOD,0,CASCADE,SET NULL
SKKAR,SKKAR_FK_TYP_POL,TYP_POL,TYPYPOL,KOD,0,CASCADE,RESTRICT
SKKAR,SKKAR_FK_USRLOCK,USRLOCK,FIRPRPR,P_MENO,0,CASCADE,SET NULL
SKKARCEN,SKKARCEN_FK_MENA,MENA,MENY,KOD,0,CASCADE,CASCADE
SKKARCEN,SKKARCEN_FK_SKKAR,CISLOKAR,SKKAR,CISLO,0,CASCADE,CASCADE
SKKARCEN,SKKARCEN_FK_SKKARIDR,IDRKAR,SKKAR,IDR,0,RESTRICT,CASCADE
SKKARCEN,SKKARCEN_FK_SKLADY,CISLOSKL,SKLADY,CISLO,0,RESTRICT,CASCADE
SKKARDET,SKKARDET_FK_SKKAR,IDSKKAR,SKKAR,IDR,0,CASCADE,CASCADE
SKKARDOD,SKKARDOD_FK_ADRES,ICO,ADRES,ICO,0,CASCADE,CASCADE
SKKARDOD,SKKARDOD_FK_SKKAR,IDRKAR,SKKAR,IDR,0,CASCADE,CASCADE
SKKAREAN,SKKAREAN_FK_CISLOKAR,CISLOKAR,SKKAR,CISLO,0,CASCADE,CASCADE
SKKAREAN,SKKAREAN_FK_IDRKAR,IDRKAR,SKKAR,IDR,0,RESTRICT,CASCADE
SKKARFIFO,SKKARFIFO_FK_IDPOHPOL,IDPOHPOL,SKPOHPOL,IDPOHPOL,0,CASCADE,SET NULL
SKKARFIFO,SKKARFIFO_FK_SKKAR,CISLOKAR,SKKAR,CISLO,0,CASCADE,CASCADE
SKKARFIFO,SKKARFIFO_FK_SKKARIDR,IDRKAR,SKKAR,IDR,0,RESTRICT,CASCADE
SKKARFIFO,SKKARFIFO_FK_SKLADY,CISLOSKL,SKLADY,CISLO,0,RESTRICT,CASCADE
SKKARFIFO,SKKARFIFO_FK_SRCPOHPOL,SRCPOHPOL,SKPOHPOL,IDPOHPOL,0,CASCADE,SET NULL
SKKARINV,SKKARINV_FK_CISLOSKL,CISLOSKL,SKLADY,CISLO,0,CASCADE,CASCADE
SKKARINVP,SKKARINVP_FK_IDRINV,IDRINV,SKKARINV,IDRINV,0,RESTRICT,CASCADE
SKKARINVP,SKKARINVP_FK_IDRKAR,IDRKAR,SKKAR,IDR,0,RESTRICT,CASCADE
SKKARKAT,SKKARKAT_FK_SKKARKAT,UCISKAT,SKKARKAT,CISKAT,0,CASCADE,CASCADE
SKKARKATEX,SKKARKATEX_FK_CISLOKAR,CISLOKAR,SKKAR,CISLO,0,CASCADE,CASCADE
SKKARKATEX,SKKARKATEX_FK_IDRKAR,IDRKAR,SKKAR,IDR,0,RESTRICT,CASCADE
SKKARKATEX,SKKARKATEX_FK_SKKARKAT,CISKAT,SKKARKAT,CISKAT,0,CASCADE,CASCADE
SKKARKUS,SKKARKUS_FK_CISLOKAR,CISLOKAR,SKKAR,CISLO,0,CASCADE,CASCADE
SKKARKUS,SKKARKUS_FK_CISLOSKL,CISLOSKL,SKLADY,CISLO,0,RESTRICT,CASCADE
SKKARKUS,SKKARKUS_FK_IDR_PRIJEM,IDR_PRIJEM,SKKARKUS,IDR,0,RESTRICT,RESTRICT
SKKARKUS,SKKARKUS_FK_RECYKL_KOD,RECYKL_KOD,SKRECYKL,RECYKL_KOD,0,CASCADE,SET NULL
SKKARKUS,SKKARKUS_FK_SKPOH,IDPOH,SKPOH,IDPOH,0,RESTRICT,SET NULL
SKKARKUS,SKKARKUS_FK_SKPOHPOL,IDPOHPOL,SKPOHPOL,IDPOHPOL,0,RESTRICT,SET NULL
SKKARMJ2,SKKARMJ2_FK_OBAL,IDOBAL,OBAL,IDOBAL,0,RESTRICT,SET NULL
SKKARMJ2,SKKARMJ2_FK_SKKARIDR,IDRKAR,SKKAR,IDR,0,RESTRICT,CASCADE
SKKARPOL,SKKARPOLM_FK_SKKAR,IDSKKARM,SKKAR,IDR,0,CASCADE,CASCADE
SKKARPOL,SKKARPOLS_FK_SKKAR,IDSKKARS,SKKAR,IDR,0,CASCADE,RESTRICT
SKKARREL,SKKARRELR_FK_SKKARI,IDRKARR,SKKAR,IDR,0,CASCADE,CASCADE
SKKARREL,SKKARREL_FK_SKKARC,CISLOKAR,SKKAR,CISLO,0,CASCADE,CASCADE
SKKARREL,SKKARREL_FK_SKKARI,IDRKAR,SKKAR,IDR,0,CASCADE,CASCADE
SKKARREL,SKKARREL_FK_SKKARRC,CISLOKARR,SKKAR,CISLO,0,CASCADE,CASCADE
SKKARSTA,SKKARMJ2_FK_SKKAR,CISLOKAR,SKKAR,CISLO,0,CASCADE,CASCADE
SKKARSTA,SKKARSTA_FK_SKKAR,CISLOKAR,SKKAR,CISLO,0,CASCADE,CASCADE
SKKARSTA,SKKARSTA_FK_SKKARIDR,IDRKAR,SKKAR,IDR,0,RESTRICT,CASCADE
SKKARSTA,SKKARSTA_FK_SKLADY,CISLOSKL,SKLADY,CISLO,0,RESTRICT,CASCADE
SKKARVAT,SKKARVAT_FK_KODSTAT,KODSTAT,STATY,KOD,0,CASCADE,RESTRICT
SKKARVAT,SKKARVAT_FK_SKKAR,CISLOKAR,SKKAR,CISLO,0,CASCADE,CASCADE
SKKARVAT,SKKARVAT_FK_SKKARIDR,IDRKAR,SKKAR,IDR,0,RESTRICT,CASCADE
SKKARZAM,SKKARZAMZ_FK_SKKAR,IDRKARZ,SKKAR,IDR,0,CASCADE,CASCADE
SKKARZAM,SKKARZAM_FK_SKKAR,IDRKAR,SKKAR,IDR,0,CASCADE,CASCADE
SKLADY,SKLADY_FK_OSNOVA,SYNTET,OSNOVA,SYNTET,0,CASCADE,SET NULL
SKLADY,SKLADY_FK_OSNOVA,ANALYT,OSNOVA,ANALYT,1,CASCADE,SET NULL
SKLADY,SKLADY_FK_SKDRUPOH_P,JEPRIJEM_P,SKDRUPOH,JEPRIJEM,0,CASCADE,SET NULL
SKLADY,SKLADY_FK_SKDRUPOH_P,DRUPOH_P,SKDRUPOH,CISLO,1,CASCADE,SET NULL
SKLADY,SKLADY_FK_SKDRUPOH_V,JEPRIJEM_V,SKDRUPOH,JEPRIJEM,0,CASCADE,SET NULL
SKLADY,SKLADY_FK_SKDRUPOH_V,DRUPOH_V,SKDRUPOH,CISLO,1,CASCADE,SET NULL
SKPOH,SKPOH_FK_ADRES,ICO,ADRES,ICO,0,CASCADE,RESTRICT
SKPOH,SKPOH_FK_ADRESPRIJ,ICOPRIJ,ADRES,ICO,0,CASCADE,RESTRICT
SKPOH,SKPOH_FK_DODPODM,DODPODM,DODPODM,KOD,0,CASCADE,RESTRICT
SKPOH,SKPOH_FK_DRUHDOPR,DRUHDOPR,DRUHDOPR,KOD,0,CASCADE,RESTRICT
SKPOH,SKPOH_FK_FAKPR,IDFAKPR,FAKPR,IDFAK,0,RESTRICT,SET NULL
SKPOH,SKPOH_FK_FAKVY,IDFAKVY,FAKVY,IDFAK,0,RESTRICT,SET NULL
SKPOH,SKPOH_FK_FIRPOB,IDFIRPOB,FIRPOB,IDR,0,CASCADE,SET NULL
SKPOH,SKPOH_FK_KODSTAT,KODSTAT,STATY,KOD,0,CASCADE,RESTRICT
SKPOH,SKPOH_FK_KONTAKTY,IDKONTAKT,KONTAKTY,IDR,0,RESTRICT,SET NULL
SKPOH,SKPOH_FK_MENY,MENA,MENY,KOD,0,CASCADE,RESTRICT
SKPOH,SKPOH_FK_OSPOH,IDOSPOH,OSPOH,IDPZ,0,RESTRICT,SET NULL
SKPOH,SKPOH_FK_OSZAV,IDOSZAV,OSZAV,IDPZ,0,RESTRICT,SET NULL
SKPOH,SKPOH_FK_POKDOK,IDPOKDOK,POKL,IDPOKDOK,0,RESTRICT,SET NULL
SKPOH,SKPOH_FK_SKDRUPOH,JEPRIJEM,SKDRUPOH,JEPRIJEM,0,CASCADE,RESTRICT
SKPOH,SKPOH_FK_SKDRUPOH,DRUHPOHYBU,SKDRUPOH,CISLO,1,CASCADE,RESTRICT
SKPOH,SKPOH_FK_SKLADY,CISLOSKL,SKLADY,CISLO,0,CASCADE,RESTRICT
SKPOH,SKPOH_FK_STAT_DPH,STAT_DPH,STATY,KOD,0,CASCADE,RESTRICT
SKPOH,SKPOH_FK_STREDISKO,STREDISKO,STREDIS,CISLO,0,CASCADE,RESTRICT
SKPOH,SKPOH_FK_TRANSAKCE,TRANSAKCE,TRANSAKCE,KOD,0,CASCADE,RESTRICT
SKPOH,SKPOH_FK_TYPYDPH,TYPDPH,TYPYDPH,CISLO,0,CASCADE,RESTRICT
SKPOH,SKPOH_FK_USRLOCK,USRLOCK,FIRPRPR,P_MENO,0,CASCADE,SET NULL
SKPOH,SKPOH_FK_VATNUMBER,VATNUMBER,DPHREGEU,VATNUMBER,0,CASCADE,RESTRICT
SKPOH,SKPOH_FK_ZAKAZKA,CISLO_ZAK,ZAKAZKA,CISLO,0,CASCADE,RESTRICT
SKPOH,SKPOH_FK_ZVLPOH,ZVLPOH,ZVLPOH,KOD,0,CASCADE,RESTRICT
SKPOHPOL,SKPOHPOL_FK_IDPOHPOLM,IDPOHPOLM,SKPOHPOL,IDPOHPOL,0,RESTRICT,CASCADE
SKPOHPOL,SKPOHPOL_FK_IDPOHPOLR,IDPOHPOLR,SKPOHPOL,IDPOHPOL,0,RESTRICT,CASCADE
SKPOHPOL,SKPOHPOL_FK_KRAJ,KRAJ,KRAJE,KOD,0,CASCADE,RESTRICT
SKPOHPOL,SKPOHPOL_FK_OBJPRPOL,IDOBJPRPOL,OBJPRPOL,IDR,0,RESTRICT,SET NULL
SKPOHPOL,SKPOHPOL_FK_OBJVYPOL,IDOBJVYPOL,OBJVYPOL,IDR,0,RESTRICT,SET NULL
SKPOHPOL,SKPOHPOL_FK_OPRAVYMAT,IDOPRMAT,OPRAVYMAT,IDR,0,RESTRICT,SET NULL
SKPOHPOL,SKPOHPOL_FK_SKKAR_C,CISLOKAR,SKKAR,CISLO,0,CASCADE,RESTRICT
SKPOHPOL,SKPOHPOL_FK_SKPOH,IDPOH,SKPOH,IDPOH,0,RESTRICT,RESTRICT
SKPOHPOL,SKPOHPOL_FK_STREDIS,STREDISKO,STREDIS,CISLO,0,CASCADE,RESTRICT
SKPOHPOL,SKPOHPOL_FK_TYP_POL,TYP_POL,TYPYPOL,KOD,0,CASCADE,RESTRICT
SKPOHPOL,SKPOHPOL_FK_ZAKAZKA,CISLO_ZAK,ZAKAZKA,CISLO,0,CASCADE,RESTRICT
SKPOHREF,SKPOHREF_FK_SKPOH,IDPOH,SKPOH,IDPOH,0,RESTRICT,CASCADE
SKPOHREF,SKPOHREF_FK_SKPOHPOL,IDPOHPOL,SKPOHPOL,IDPOHPOL,0,RESTRICT,CASCADE
SKPOHREF,SKPOHREF_FK_SKPOHPOLREF,IDPOHPOLREF,SKPOHPOL,IDPOHPOL,0,RESTRICT,CASCADE
SKPOHREF,SKPOHREF_FK_SKPOHREF,IDPOHREF,SKPOH,IDPOH,0,RESTRICT,CASCADE
SKPOHTOTAL,SKPOHTOTAL_FK_MENA,MENA,MENY,KOD,0,CASCADE,RESTRICT
SKPOHTOTAL,SKPOHTOTAL_FK_SKPOH,IDMR,SKPOH,IDPOH,0,RESTRICT,CASCADE
SKPOHTOTAL,SKPOHTOTAL_FK_TYPYDPH,TYPDPH,TYPYDPH,CISLO,0,RESTRICT,RESTRICT
SKRECYKLPOL,SKRECYKLPOL_FK_IDRMD,IDPHE,SKRECYKL,IDPHE,0,RESTRICT,CASCADE
SMLOUVYPR,SMLOUVYPR_FK_ADRES,ICO,ADRES,ICO,0,CASCADE,RESTRICT
SMLOUVYPR,SMLOUVYPR_FK_MENY,MENA,MENY,KOD,0,CASCADE,RESTRICT
SMLOUVYVY,SMLOUVYVY_FK_ADRES,ICO,ADRES,ICO,0,CASCADE,RESTRICT
SMLOUVYVY,SMLOUVYVY_FK_MENY,MENA,MENY,KOD,0,CASCADE,RESTRICT
SPOSDOPR,SPOSDOPR_FK_PTYPZASIL,ID_PTYPZASIL,PTYPYZASIL,ID_PTYPYZASIL,0,CASCADE,SET NULL
SPOTRDANP,SPOTRDANP_FK_IDDANE,IDDANE,SPOTRDAN,IDDANE,0,RESTRICT,CASCADE
STALEPL,STALEPL_FK_MENY,MENA,MENY,KOD,0,CASCADE,RESTRICT
STALEPL,STALEPL_FK_STATY,KODSTAT,STATY,KOD,0,CASCADE,RESTRICT
TYPYPOL,TYPYPOL_FK_PDPOHYBY_P,PDPSYNTET,PDPOHYBY,SYNTET,0,CASCADE,SET NULL
TYPYPOL,TYPYPOL_FK_PDPOHYBY_P,PDPANALYT,PDPOHYBY,ANALYT,1,CASCADE,SET NULL
TYPYPOL,TYPYPOL_FK_PDPOHYBY_V,PDVSYNTET,PDPOHYBY,SYNTET,0,CASCADE,SET NULL
TYPYPOL,TYPYPOL_FK_PDPOHYBY_V,PDVANALYT,PDPOHYBY,ANALYT,1,CASCADE,SET NULL
TYPYPOL,TYPYPOL_FK_PREDKIDNAK,PREDKIDNAK,POLUCDE,CISLO,0,CASCADE,SET NULL
TYPYPOL,TYPYPOL_FK_PREDKIDVYN,PREDKIDVYN,POLUCDE,CISLO,0,CASCADE,SET NULL
TYPYPOL,TYPYPOL_FK_PREDKONTFP,PREDKONTFP,POLUCDE,CISLO,0,CASCADE,SET NULL
TYPYPOL,TYPYPOL_FK_PREDKONTFV,PREDKONTFV,POLUCDE,CISLO,0,CASCADE,SET NULL
TYPYPOL,TYPYPOL_FK_PREDKONTPH,PREDKONTPH,POLUCDE,CISLO,0,CASCADE,SET NULL
TYPYPOL,TYPYPOL_FK_PREDKONTPP,PREDKONTPP,POLUCDE,CISLO,0,CASCADE,SET NULL
TYPYPOL,TYPYPOL_FK_PREDKONTPV,PREDKONTPV,POLUCDE,CISLO,0,CASCADE,SET NULL
TYPYPOL,TYPYPOL_FK_PREDKONTSP,PREDKONTSP,POLUCDE,CISLO,0,CASCADE,SET NULL
TYPYPOL,TYPYPOL_FK_PREDKONTSV,PREDKONTSV,POLUCDE,CISLO,0,CASCADE,SET NULL
TYPYPOL,TYPYPOL_FK_PREDKONTZV,PREDKONTZV,POLUCDE,CISLO,0,CASCADE,SET NULL
TYPYPOL,TYPYPOL_FK_PREDKSPP,PREDKSPP,POLUCDE,CISLO,0,CASCADE,SET NULL
TYPYPOL,TYPYPOL_FK_PREDKSPV,PREDKSPV,POLUCDE,CISLO,0,CASCADE,SET NULL
UCDE,UCDE_FK_ADRES,ICO,ADRES,ICO,0,CASCADE,RESTRICT
UCDE,UCDE_FK_TYPDOKL,TYP_DOKL,TYPDOKL,TYP_DOKL,0,RESTRICT,RESTRICT
UCDE,UCDE_FK_TYPYDPH,TYPDPH,TYPYDPH,CISLO,0,RESTRICT,RESTRICT
UCDEPOL,UCDEPOL_FK_CINNOST,CINNOST,CINNOSTI,CISLO,0,CASCADE,RESTRICT
UCDEPOL,UCDEPOL_FK_OSNOVA_DAL,DALS,OSNOVA,SYNTET,0,CASCADE,RESTRICT
UCDEPOL,UCDEPOL_FK_OSNOVA_DAL,DALA,OSNOVA,ANALYT,1,CASCADE,RESTRICT
UCDEPOL,UCDEPOL_FK_OSNOVA_MADAT,MADATS,OSNOVA,SYNTET,0,CASCADE,RESTRICT
UCDEPOL,UCDEPOL_FK_OSNOVA_MADAT,MADATA,OSNOVA,ANALYT,1,CASCADE,RESTRICT
UCDEPOL,UCDEPOL_FK_STREDIS,STREDISKO,STREDIS,CISLO,0,CASCADE,RESTRICT
UCDEPOL,UCDEPOL_FK_TYPDOKL,TYP_DOKL,TYPDOKL,TYP_DOKL,0,RESTRICT,RESTRICT
UCDEPOL,UCDEPOL_FK_UCDE,IDUCDE,UCDE,IDUCDE,0,RESTRICT,CASCADE
UCDEPOL,UCDEPOL_FK_ZAKAZKA,CISLO_ZAK,ZAKAZKA,CISLO,0,CASCADE,RESTRICT
USRSRIGHTS,USRSRIGHTS_FK_FIRPRPR,USER_ID,FIRPRPR,IDENTIF,0,RESTRICT,CASCADE
UZIVNAST,UZIVNAST_FK_FIRPRPR,USERID,FIRPRPR,IDENTIF,0,RESTRICT,CASCADE
VODICI,VODICI_FK_STREDIS,STREDISKO,STREDIS,CISLO,0,CASCADE,RESTRICT
VYKAZY,VYKAZY_FK_IDMR,IDMR,VYKAZY,IDR,0,RESTRICT,CASCADE
VYKAZY,VYKAZY_FK_MENY,MENA,MENY,KOD,0,CASCADE,RESTRICT
VYKAZYP,VYKAZYP_FK_VYKAZY,SESTAVA,VYKAZY,VYKAZCIS,0,RESTRICT,CASCADE
VYKAZYP2,VYKAZYP2_FK_REFID,REFID,VYKAZY,IDR,0,RESTRICT,CASCADE
VYKAZYP3,VYKAZYP3_FK_IDRM,IDRM,VYKAZY,IDR,0,RESTRICT,CASCADE
VYKAZYP4,VYKAZYP4_FK_IDRM,IDRM,VYKAZY,IDR,0,RESTRICT,CASCADE
ZAKAZKA,ZAKAZKA_FK_ADRES,ICO,ADRES,ICO,0,CASCADE,RESTRICT
ZAPOCPOL,ZAPOCPOL_FK_FAKPR,ID_FP,FAKPR,IDFAK,0,RESTRICT,CASCADE
ZAPOCPOL,ZAPOCPOL_FK_FAKVY,ID_FV,FAKVY,IDFAK,0,RESTRICT,CASCADE
ZAPOCPOL,ZAPOCPOL_FK_OSPOH,ID_PH,OSPOH,IDPZ,0,RESTRICT,CASCADE
ZAPOCPOL,ZAPOCPOL_FK_OSZAV,ID_ZV,OSZAV,IDPZ,0,RESTRICT,CASCADE
ZAPOCPOL,ZAPOCPOL_FK_ZAPOCTY,IDZAPOC,ZAPOCTY,IDZAPOC,0,RESTRICT,CASCADE
ZAPOCTY,ZAPOCTY_FK_ADRES,ICO,ADRES,ICO,0,CASCADE,RESTRICT
ZAPOCTY,ZAPOCTY_FK_MENY,MENA,MENY,KOD,0,RESTRICT,RESTRICT
