KIND,OBJECT_NAME,TABLE_NAME,INACTIVE
TRIGGER,AUTA_BI0_IDR,AUTA,0
TRIGGER,MXMZDY_IDR_OBDOBI,MXMZDY,0
TRIGGER,MXVYCHPOL_IDR,MXVYCHPOL,0
TRIGGER,ONCONNECT,,0
TRIGGER,FIRPRPREXT_BI,FIRPRPREXT,0
TRIGGER,MOUCET_BIU,MOUCET,0
TRIGGER,MOUCETPOL_BIU,MOUCETPOL,0
TRIGGER,MOVYRCIS_IDR,MOVYRCIS,0
TRIGGER,MOZBOZI_BI0_IDR,MOZBOZI,0
TRIGGER,MOZBOZI_BU0_PORADIKAT,MOZBOZI,0
TRIGGER,MOPLATBY_BIU,MOPLATBY,0
TRIGGER,MOARCHIV_BI,MOARCHIV,0
TRIGGER,MOARCHIV_BU,MOARCHIV,0
TRIGGER,MOARCHIV_BD,MOARCHIV,0
TRIGGER,PZAKKARTY_BI0_IDRPZK_STRUKOD,PZAKKARTY,0
TRIGGER,PZAKKARTY_BU0_STRUKOD,PZAKKARTY,0
TRIGGER,PZAKKARTYP_BI0_IDR,PZAKKARTYP,0
TRIGGER,DODPODM_BI0_IDR,DODPODM,0
TRIGGER,DOPLMJ_BI0_IDR,DOPLMJ,0
TRIGGER,DRUHDOPR_BI0_IDR,DRUHDOPR,0
TRIGGER,EMAILLST_IDR,EMAILLST,0
TRIGGER,KODYBANK_BI0,KODYBANK,0
TRIGGER,KODYBANK_BU0,KODYBANK,0
TRIGGER,KRAJE_BI0_IDR,KRAJE,0
TRIGGER,KSYMBOL_BI0_IDR,KSYMBOL,0
TRIGGER,PAYTITLE_BI0_IDR,PAYTITLE,0
TRIGGER,PSC_BI0_IDR,PSC,0
TRIGGER,MERJEDN_BI0_IDR,MERJEDN,0
TRIGGER,SAZEBNIK_BI0_IDR,SAZEBNIK,0
TRIGGER,STATY_BI0_IDR,STATY,0
TRIGGER,TRANSAKCE_BI0_IDR,TRANSAKCE,0
TRIGGER,ZVLPOH_BI0_IDR,ZVLPOH,0
TRIGGER,SKDRUPOH_BI0_IDR,SKDRUPOH,0
TRIGGER,SKDRUPOH_BU_UPDCNT,SKDRUPOH,0
TRIGGER,SKDRUPOHZ_BU_ZPRACOVANI,SKDRUPOHZ,0
TRIGGER,SKKARKOD1_BI0_IDR,SKKARKOD1,0
TRIGGER,SKKARKOD2_BI0_IDR,SKKARKOD2,0
TRIGGER,SKKARKOD3_BI0_IDR,SKKARKOD3,0
TRIGGER,SKKARSKU_BI0_IDR,SKKARSKU,0
TRIGGER,SKKARMAXZL_BI0_IDR,SKKARMAXZL,0
TRIGGER,SKKARMAXZL_BU0_IDR,SKKARMAXZL,0
TRIGGER,SKKARKAT_BI0_IDR,SKKARKAT,0
TRIGGER,SKKARKAT_BU0_PORADIKAT,SKKARKAT,0
TRIGGER,STREDIS_AI0_PRAVA,STREDIS,0
TRIGGER,SPOTRDANP_BI0_BU0,SPOTRDANP,0
TRIGGER,SKRECYKLPOL_BI0_BU0,SKRECYKLPOL,0
TRIGGER,SAZBYDPH_BI0_BU0,SAZBYDPH,0
TRIGGER,CENSKUP_BU0_UPDCNT,CENSKUP,0
TRIGGER,CENSKUPPOL_BI0_UNQ,CENSKUPPOL,0
TRIGGER,CENSKUPPOL_BU0_UNQ,CENSKUPPOL,0
TRIGGER,CENSKUPPOL_BU1_UPDCNT,CENSKUPPOL,0
TRIGGER,CENSKUPPOL_BD0,CENSKUPPOL,0
TRIGGER,DPHPRIZUHR_BU0_UPDCNT,DPHPRIZUHR,0
TRIGGER,INTRASTATP_BI0_SKPOH,INTRASTATP,0
TRIGGER,ICZUJ_BI0_IDR,ICZUJ,0
TRIGGER,GDPREVENT_BIU,GDPREVENT,0
TRIGGER,GDPREVENT_BD0_ZPRACOVANI,GDPREVENT,0
TRIGGER,ADRES_BI0_IDR,ADRES,0
TRIGGER,ADRES_BI1_EAN,ADRES,0
TRIGGER,ADRES_AI0_KP,ADRES,0
TRIGGER,ADRES_BU0_EAN,ADRES,0
TRIGGER,ADRES_BU1_LOG,ADRES,0
TRIGGER,ADRES_BU3_FIRLOG,ADRES,0
TRIGGER,ADRES_BU4_UPDCNT,ADRES,0
TRIGGER,ADRES_AU,ADRES,0
TRIGGER,ADRES_BD0_ZPRACOVANI,ADRES,0
TRIGGER,ADRESGDPR_BIU,ADRESGDPR,0
TRIGGER,ADRESGDPR_BD0_ZPRACOVANI,ADRESGDPR,0
TRIGGER,ADRESBAN_BI0_DEFUCET,ADRESBAN,0
TRIGGER,ADRESBAN_AI0_FIRLOG,ADRESBAN,0
TRIGGER,ADRESBAN_BU0_DEFUCET,ADRESBAN,0
TRIGGER,ADRESBAN_BU1_FIRLOG,ADRESBAN,0
TRIGGER,ADRESBAN_BU2_UPDCNT,ADRESBAN,0
TRIGGER,ADRESBAN_BD0_FIRLOG,ADRESBAN,0
TRIGGER,KONTAKTY_BI0,KONTAKTY,0
TRIGGER,KONTAKTY_BU0_UPDCNT,KONTAKTY,0
TRIGGER,TYPPROJEKT_BU0_UPDCNT,TYPPROJEKT,0
TRIGGER,TYPAKTIVIT_BU0_UPDCNT,TYPAKTIVIT,0
TRIGGER,AKTIVITY_BI0,AKTIVITY,0
TRIGGER,AKTIVITY_BU0_UPDCNT,AKTIVITY,0
TRIGGER,PROJEKTY_BI0,PROJEKTY,0
TRIGGER,PROJEKTY_BU0_UPDCNT,PROJEKTY,0
TRIGGER,AKTIVITUSR_BI0,AKTIVITUSR,0
TRIGGER,AKTIVITUSR_BU0_UPDCNT,AKTIVITUSR,0
TRIGGER,PROJEKTUSR_BI0,PROJEKTUSR,0
TRIGGER,PROJEKTUSR_BU0_UPDCNT,PROJEKTUSR,0
TRIGGER,BANKY_BI0_DEFFORMENA,BANKY,0
TRIGGER,BANKY_BU0_DEFFORMENA,BANKY,0
TRIGGER,BANKY_BU1_UPDCNT,BANKY,0
TRIGGER,FIRPOB_BI0_CENTRALA,FIRPOB,0
TRIGGER,FIRPOB_BU0_CENTRALA,FIRPOB,0
TRIGGER,FIRPOB_BD0_CENTRALA,FIRPOB,0
TRIGGER,BANVYPIS_BI0_DATUCTROK,BANVYPIS,0
TRIGGER,BANVYPIS_BIU1_CISVYP,BANVYPIS,0
TRIGGER,BANVYPIS_BD0_ZPRACOVANI,BANVYPIS,0
TRIGGER,POSINFO_AI0_PRAVA,POSINFO,0
TRIGGER,OBJPR_BI0_ZPRACOVANI,OBJPR,0
TRIGGER,OBJPR_BU0_ZPRACOVANI,OBJPR,0
TRIGGER,OBJPR_AU0_ZPRACOVANI,OBJPR,0
TRIGGER,OBJPR_BD0_ZPRACOVANI,OBJPR,0
TRIGGER,OBJPRPOL_BI0_ZPRACOVANI,OBJPRPOL,0
TRIGGER,OBJPRPOL_AI0_ZPRACOVANI,OBJPRPOL,0
TRIGGER,OBJPRPOL_BU0_ZPRACOVANI,OBJPRPOL,0
TRIGGER,OBJPRPOL_AU0_ZPRACOVANI,OBJPRPOL,0
TRIGGER,OBJPRPOL_AD0_ZPRACOVANI,OBJPRPOL,0
TRIGGER,OBJVY_BU0_ZPRACOVANI,OBJVY,0
TRIGGER,OBJVY_BI0,OBJVY,0
TRIGGER,OBJVY_AU0_ZPRACOVANI,OBJVY,0
TRIGGER,OBJVY_BD0_ZPRACOVANI,OBJVY,0
TRIGGER,OBJVYPOL_BI0_ZPRACOVANI,OBJVYPOL,0
TRIGGER,OBJVYPOL_AI0_ZPRACOVANI,OBJVYPOL,0
TRIGGER,OBJVYPOL_BU0_ZPRACOVANI,OBJVYPOL,0
TRIGGER,OBJVYPOL_AU0_ZPRACOVANI,OBJVYPOL,0
TRIGGER,OBJVYPOL_AD0_ZPRACOVANI,OBJVYPOL,0
TRIGGER,SKLADY_BI_ZPRACOVANI,SKLADY,0
TRIGGER,SKLADY_AI0_PRAVA,SKLADY,0
TRIGGER,SKLADY_BU_ZPRACOVANI,SKLADY,0
TRIGGER,SKPOH_BI0_ZPRACOVANI,SKPOH,0
TRIGGER,SKPOH_BU0_ZPRACOVANI,SKPOH,0
TRIGGER,SKPOH_BU1_FIRLOG,SKPOH,0
TRIGGER,SKPOH_AU0_ZPRACOVANI,SKPOH,0
TRIGGER,SKPOH_BD0_FIRLOG,SKPOH,0
TRIGGER,SKPOHPOL_BI0_ZPRACOVANI,SKPOHPOL,0
TRIGGER,SKPOHPOL_AI0_ZPRACOVANI,SKPOHPOL,0
TRIGGER,SKPOHPOL_BU0_ZPRACOVANI,SKPOHPOL,0
TRIGGER,SKPOHPOL_AU0_ZPRACOVANI,SKPOHPOL,0
TRIGGER,SKPOHPOL_AD0_ZPRACOVANI,SKPOHPOL,0
TRIGGER,SKPOHREF_BI_CHECK,SKPOHREF,0
TRIGGER,SKPOHREF_AI_CHECK,SKPOHREF,0
TRIGGER,SKKARKUS_BI_SKKAR,SKKARKUS,0
TRIGGER,SKKARKUS_BU_SKPOH,SKKARKUS,0
TRIGGER,SKKARKUS_AU_DELETE,SKKARKUS,0
TRIGGER,SKKARKUS_AU_MODIFY,SKKARKUS,0
TRIGGER,UCDE_BI0_ZDROJ_UNQ,UCDE,0
TRIGGER,UCDE_BI1_UCDE,UCDE,0
TRIGGER,UCDE_BU0_ZDROJ_UNQ,UCDE,0
TRIGGER,UCDE_BU1_UPDCNT,UCDE,0
TRIGGER,PENDE_BI0_PENDE,PENDE,0
TRIGGER,PENDE_BU0_UPDCNT,PENDE,0
TRIGGER,PENDE_AI0_BANOBRAT,PENDE,0
TRIGGER,PENDE_BD0_MAPRAVO,PENDE,0
TRIGGER,PENDEPOL_BI0_CHECKFIRUCTO,PENDEPOL,1
TRIGGER,PENDEPOL_BI1_CHECKPDPRIJEMVYDEJ,PENDEPOL,0
TRIGGER,PENDEPOL_BU0_UPDCNT,PENDEPOL,0
TRIGGER,PENDEPOL_BU1_CHECKPDPRIJEMVYDEJ,PENDEPOL,0
TRIGGER,PDPREDKONT_BU_UPDCNT,PDPREDKONT,0
TRIGGER,INVUCPOL_BU0_UPDCNT,INVUCPOL,0
TRIGGER,DPHEVIDPOL_BU0_UPDCNT,DPHEVIDPOL,0
TRIGGER,DENIKREP_IDR,DENIKREP,0
TRIGGER,UCDEPOL_BU0_UCDEPOLLOG,UCDEPOL,0
TRIGGER,UCDEPOL_BU1_UCDEPOL,UCDEPOL,0
TRIGGER,UCDEPOL_BU2_UPDCNT,UCDEPOL,0
TRIGGER,UCDEPOL_BI0_CHECKFIRUCTO,UCDEPOL,0
TRIGGER,UCDEPOL_BI1_UCDEPOL,UCDEPOL,0
TRIGGER,UCDEPOL_BI2_UCDEPOL,UCDEPOL,0
TRIGGER,UCDEPOL_BD_UCDEPOLLOG,UCDEPOL,0
TRIGGER,UCDEPOLLOG_BI1,UCDEPOLLOG,0
TRIGGER,POKL_BU0_MENA,POKL,0
TRIGGER,POKL_BU1_FIRLOG,POKL,0
TRIGGER,POKL_BU2_UPDCNT,POKL,0
TRIGGER,POKL_AU0_UCDE,POKL,0
TRIGGER,POKL_BI0_MENA,POKL,0
TRIGGER,POKL_AI_IDUHR,POKL,0
TRIGGER,POKL_BD0_MAPRAVO,POKL,0
TRIGGER,POKL_BD0_FIRLOG,POKL,0
TRIGGER,POKL_AD_IDUHR,POKL,0
TRIGGER,POKLPOL_BI0,POKLPOL,0
TRIGGER,POKLPOL_AI0_SKPOH,POKLPOL,0
TRIGGER,POKLPOL_BU_UPDCNT,POKLPOL,0
TRIGGER,POKLPOL_AD0_SKPOH,POKLPOL,0
TRIGGER,CISPOKL_BU_MENA,CISPOKL,0
TRIGGER,CISPOKL_BU_UPDCNT,CISPOKL,0
TRIGGER,INTDOK_BI,INTDOK,0
TRIGGER,INTDOK_AI_IDUHR,INTDOK,0
TRIGGER,INTDOK_BU0_FIRLOG,INTDOK,0
TRIGGER,INTDOK_BU1_UPDCNT,INTDOK,0
TRIGGER,INTDOK_AU0_UCDE,INTDOK,0
TRIGGER,INTDOK_BD0_MAPRAVO,INTDOK,0
TRIGGER,INTDOK_BD1_FIRLOG,INTDOK,0
TRIGGER,INTDOK_AD_IDUHR,INTDOK,0
TRIGGER,INTDOKPOL_BI,INTDOKPOL,0
TRIGGER,DOCSTORE_BI0,DOCSTORE,0
TRIGGER,DOCSTORE_BU0,DOCSTORE,0
TRIGGER,DOCSTORED_AD0,DOCSTORED,0
TRIGGER,DOCEVENT_BI0,DOCEVENT,0
TRIGGER,FAKPR_AI0_CIS_PREDF,FAKPR,0
TRIGGER,FAKPR_BU0_DATACHANGE_CHECK,FAKPR,0
TRIGGER,FAKPR_BU1_FIRLOG,FAKPR,0
TRIGGER,FAKPR_BU2_UPDCNT,FAKPR,0
TRIGGER,FAKPR_BU3_IDADRBAN,FAKPR,0
TRIGGER,FAKPR_BI0_IDADRBAN,FAKPR,0
TRIGGER,FAKPR_AU0_ZAPLACCISLO,FAKPR,0
TRIGGER,FAKPR_AU1_UCDE,FAKPR,0
TRIGGER,FAKPR_BD0_FIRLOG,FAKPR,0
TRIGGER,FAKPR_AD0_PREDFSTORNO,FAKPR,0
TRIGGER,FAKPR_AD1_BANOBRAT,FAKPR,0
TRIGGER,FAKVY_BI0,FAKVY,0
TRIGGER,FAKVY_AI0_CIS_PREDF,FAKVY,0
TRIGGER,FAKVY_BU0_DATACHANGE_CHECK,FAKVY,0
TRIGGER,FAKVY_BU1_FIRLOG,FAKVY,0
TRIGGER,FAKVY_BU2_UPDCNT,FAKVY,0
TRIGGER,FAKVYPOL_BI,FAKVYPOL,0
TRIGGER,FAKVYPOL_BU_UPDCNT,FAKVYPOL,0
TRIGGER,FAKVY_AU0_ZAPLACCISLO,FAKVY,0
TRIGGER,FAKVY_AU1_UCDE,FAKVY,0
TRIGGER,FAKVY_BD0_FIRLOG,FAKVY,0
TRIGGER,FAKVY_AD0_PREDFSTORNO,FAKVY,0
TRIGGER,FAKVY_AD1_BANOBRAT,FAKVY,0
TRIGGER,FAKPRPOL_BI0_UPDCNT,FAKPRPOL,0
TRIGGER,FAKPRPOL_BU0_UPDCNT,FAKPRPOL,0
TRIGGER,FAKPRPOL_BU1_SKPOHPOL,FAKPRPOL,0
TRIGGER,FAKVYPOL_AI0_SKPOH,FAKVYPOL,0
TRIGGER,FAKVYPOL_AI1_OBJPR,FAKVYPOL,0
TRIGGER,FAKVYPOL_AU0_OBJPR,FAKVYPOL,0
TRIGGER,FAKVYPOL_AD0_SKPOH,FAKVYPOL,0
TRIGGER,FAKPRPOL_AI0_SKPOH,FAKPRPOL,0
TRIGGER,FAKPRPOL_AI1_OBJVY,FAKPRPOL,0
TRIGGER,FAKPRPOL_AU1_OBJVY,FAKPRPOL,0
TRIGGER,FAKPRPOL_AD0_SKPOH,FAKPRPOL,0
TRIGGER,FAKPRUHR_BI0_IDUHR,FAKPRUHR,0
TRIGGER,FAKPRUHR_BD0_MAPRAVO,FAKPRUHR,0
TRIGGER,FAKPRUHR_AD0_AI0_ZAPLACCISLO,FAKPRUHR,0
TRIGGER,FAKPRUHR_AD1_IDUHR,FAKPRUHR,0
TRIGGER,FAKPRUHR_AD2_BANOBRAT,FAKPRUHR,0
TRIGGER,FAKPRUHR_AD3_ZAPOCPOL,FAKPRUHR,0
TRIGGER,FAKPRUHR_AI1_BANOBRAT,FAKPRUHR,0
TRIGGER,FAKPRUHR_BU0_UPDCNT,FAKPRUHR,0
TRIGGER,FAKPRUHR_BU1_IDUHR,FAKPRUHR,0
TRIGGER,FAKPRSPL_BI0_IDADRBAN,FAKPRSPL,0
TRIGGER,FAKPRSPL_BU0_IDADRBAN,FAKPRSPL,0
TRIGGER,FAKPRSPL_BU1_UPDCNT,FAKPRSPL,0
TRIGGER,FAKPRDPH_BU0_UPDCNT,FAKPRDPH,0
TRIGGER,FAKPRDPH_BD0_NORECORD,FAKPRDPH,0
TRIGGER,FAKVYDPH_BD0_NORECORD,FAKVYDPH,0
TRIGGER,FAKVYUHR_BI0_IDUHR,FAKVYUHR,0
TRIGGER,FAKVYUHR_BD0_MAPRAVO,FAKVYUHR,0
TRIGGER,FAKVYUHR_AD0_AI0_ZAPLACCISLO,FAKVYUHR,0
TRIGGER,FAKVYUHR_AI1_BANOBRAT,FAKVYUHR,0
TRIGGER,FAKVYUHR_AD1_IDUHR,FAKVYUHR,0
TRIGGER,FAKVYUHR_AD2_BANOBRAT,FAKVYUHR,0
TRIGGER,FAKVYUHR_AD3_ZAPOCPOL,FAKVYUHR,0
TRIGGER,FAKVYUHR_BU0_UPDCNT,FAKVYUHR,0
TRIGGER,FAKVYUHR_BU1_IDUHR,FAKVYUHR,0
TRIGGER,FAKVYSPL_BI0,FAKVYSPL,0
TRIGGER,FAKVYSPL_BU0_UPDCNT,FAKVYSPL,0
TRIGGER,FAKVYDPH_BU_UPDCNT,FAKVYDPH,0
TRIGGER,BANOBRAT_BI0_RIADOK,BANOBRAT,0
TRIGGER,BANOBRAT_AI0_DC,BANOBRAT,0
TRIGGER,BANOBRAT_BU0_IDUCDE,BANOBRAT,0
TRIGGER,BANOBRAT_BU1_PENDE,BANOBRAT,0
TRIGGER,BANOBRAT_BU1_FIRLOG,BANOBRAT,0
TRIGGER,BANOBRAT_AU0_ZPRACOVANI,BANOBRAT,0
TRIGGER,BANOBRAT_BD0_FIRLOG,BANOBRAT,0
TRIGGER,BANOBRAT_AD0_ZPRACOVANI,BANOBRAT,0
TRIGGER,OSPOH_BI0,OSPOH,0
TRIGGER,OSPOH_BD0_FIRLOG,OSPOH,0
TRIGGER,OSPOH_AD0_BANOBRAT,OSPOH,0
TRIGGER,OSPOH_BU0_DATACHANGE_CHECK,OSPOH,0
TRIGGER,OSPOH_BU1_FIRLOG,OSPOH,0
TRIGGER,OSPOH_BU2_UPDCNT,OSPOH,0
TRIGGER,OSPOH_AU0_UCDE,OSPOH,0
TRIGGER,OSPOHPOL_BI,OSPOHPOL,0
TRIGGER,OSPOHPOL_BU_UPDCNT,OSPOHPOL,0
TRIGGER,OSPOHPOL_AI0_SKPOH,OSPOHPOL,0
TRIGGER,OSPOHPOL_AI1_OBJPR,OSPOHPOL,0
TRIGGER,OSPOHPOL_AU0_OBJPR,OSPOHPOL,0
TRIGGER,OSPOHPOL_AD0_SKPOH,OSPOHPOL,0
TRIGGER,OSPOHPOL_BU1_SKPOHPOL,OSPOHPOL,0
TRIGGER,OSZAVPOL_BI0,OSZAVPOL,0
TRIGGER,OSZAVPOL_BU0_UPDCNT,OSZAVPOL,0
TRIGGER,OSZAVPOL_BU1_SKPOHPOL,OSZAVPOL,0
TRIGGER,OSZAVPOL_AI0_SKPOH,OSZAVPOL,0
TRIGGER,OSZAVPOL_AI1_OBJVY,OSZAVPOL,0
TRIGGER,OSZAVPOL_AU1_OBJVY,OSZAVPOL,0
TRIGGER,OSZAVPOL_AD0_SKPOH,OSZAVPOL,0
TRIGGER,OSPOHUHR_BI0,OSPOHUHR,0
TRIGGER,OSPOHUHR_BD0_MAPRAVO,OSPOHUHR,0
TRIGGER,OSPOHUHR_AD1_ZAPOCPOL,OSPOHUHR,0
TRIGGER,OSZAV_BD0_FIRLOG,OSZAV,0
TRIGGER,OSZAV_AD0_BANOBRAT,OSZAV,0
TRIGGER,OSZAV_BU0_DATACHANGE_CHECK,OSZAV,0
TRIGGER,OSZAV_BU1_FIRLOG,OSZAV,0
TRIGGER,OSZAV_BU2_UPDCNT,OSZAV,0
TRIGGER,OSZAV_BU3_IDADRBAN,OSZAV,0
TRIGGER,OSZAV_BI0_IDADRBAN,OSZAV,0
TRIGGER,OSZAV_AU0_UCDE,OSZAV,0
TRIGGER,OSPOHUHR_AI0_BANOBRAT,OSPOHUHR,0
TRIGGER,OSPOHSPL_BI0,OSPOHSPL,0
TRIGGER,OSPOHSPL_BU0_UPDCNT,OSPOHSPL,0
TRIGGER,OSZAVUHR_BI0,OSZAVUHR,0
TRIGGER,OSZAVUHR_AI0_BANOBRAT,OSZAVUHR,0
TRIGGER,OSPOHUHR_AD0_BANOBRAT,OSPOHUHR,0
TRIGGER,OSZAVUHR_BD0_MAPRAVO,OSZAVUHR,0
TRIGGER,OSZAVUHR_AD0_BANOBRAT,OSZAVUHR,0
TRIGGER,OSZAVUHR_AD1_ZAPOCPOL,OSZAVUHR,0
TRIGGER,OSPOHUHR_BU0_UPDCNT,OSPOHUHR,0
TRIGGER,OSZAVUHR_BU0_UPDCNT,OSZAVUHR,0
TRIGGER,OSZAVSPL_BI0_IDADRBAN,OSZAVSPL,0
TRIGGER,OSZAVSPL_BU0_IDADRBAN,OSZAVSPL,0
TRIGGER,OSZAVSPL_BU1_UPDCNT,OSZAVSPL,0
TRIGGER,FAKVYPOL_BU1_SKPOHPOL,FAKVYPOL,0
TRIGGER,FAKVYOBAL_BU_UPDCNT,FAKVYOBAL,0
TRIGGER,STALEPL_BIU,STALEPL,0
TRIGGER,STALEPL_BD_PRIKUHRPOL,STALEPL,0
TRIGGER,PRIKUHR_BI,PRIKUHR,0
TRIGGER,PRIKUHR_BU_UPDCNT,PRIKUHR,0
TRIGGER,PRIKUHRPOL_BI0_RIADOK,PRIKUHRPOL,0
TRIGGER,PRIKUHRPOL_AI_FAK_STPL,PRIKUHRPOL,0
TRIGGER,PRIKUHRPOL_BU_UPDCNT,PRIKUHRPOL,0
TRIGGER,PRIKUHRPOL_BD0_ZPRACOVANI,PRIKUHRPOL,0
TRIGGER,PRIKUHRPOL_AD_FAK_STPL,PRIKUHRPOL,0
TRIGGER,PRIKUHRPOLZ_BU_UPDCNT,PRIKUHRPOLZ,0
TRIGGER,O_POUZITI_BI,O_POUZITI,0
TRIGGER,O_ODMENY_BI,O_ODMENY,0
TRIGGER,O_TYPOBALU_BI,O_TYPOBALU,0
TRIGGER,O_PUVOD_BI,O_PUVOD,0
TRIGGER,O_VYRAZENI_BI,O_VYRAZENI,0
TRIGGER,O_OBSAH_BI,O_OBSAH,0
TRIGGER,O_OBJEM_BI,O_OBJEM,0
TRIGGER,O_KOMPOZIT_BI,O_KOMPOZIT,0
TRIGGER,O_MATERIAL_BI,O_MATERIAL,0
TRIGGER,O_PLASTY_BI,O_PLASTY,0
TRIGGER,O_BARVA_BI,O_BARVA,0
TRIGGER,O_SUROVINA_BI,O_SUROVINA,0
TRIGGER,O_KOVY_BI,O_KOVY,0
TRIGGER,O_SPEC_EV_BI,O_SPEC_EV,0
TRIGGER,O_CENY_BI_CISLO,O_CENY,0
TRIGGER,OBAL_BI_POCETMJ,OBAL,0
TRIGGER,OBAL_BU_UPDCNT,OBAL,0
TRIGGER,OBALPOL_BI,OBALPOL,0
TRIGGER,OBALPOL_BU_UPDCNT,OBALPOL,0
TRIGGER,SKKAR_BI_ZPRACOVANI,SKKAR,0
TRIGGER,SKKAR_BU0_EAN,SKKAR,0
TRIGGER,SKKAR_BU1_TLAC,SKKAR,0
TRIGGER,SKKAR_BU2_PREPCEN,SKKAR,0
TRIGGER,SKKAR_BU3_USRLOCK,SKKAR,0
TRIGGER,SKKAR_BU4_BALENI,SKKAR,0
TRIGGER,SKKAR_BU5_FIRLOG,SKKAR,0
TRIGGER,SKKAR_AU_ZPRACOVANI,SKKAR,0
TRIGGER,SKKAR_BD_SKKARSTA,SKKAR,0
TRIGGER,SKKARSTA_BI0_NOTNULL,SKKARSTA,0
TRIGGER,SKKARSTA_BI2_CENRABNORMY,SKKARSTA,0
TRIGGER,SKKARSTA_BI3_POCETMJ,SKKARSTA,0
TRIGGER,SKKARSTA_BI4_PREPCEN,SKKARSTA,0
TRIGGER,SKKARSTA_AI0_ZPRACOVANI,SKKARSTA,0
TRIGGER,SKKARSTA_BU0_NOTNULL,SKKARSTA,0
TRIGGER,SKKARSTA_BU1_CENRABNORMY,SKKARSTA,0
TRIGGER,SKKARSTA_BU3_POCETMJ,SKKARSTA,0
TRIGGER,SKKARSTA_BU4_PREPCEN,SKKARSTA,0
TRIGGER,SKKARSTA_BU5_UPDCNT,SKKARSTA,0
TRIGGER,SKKARSTA_AU0_ZPRACOVANI,SKKARSTA,0
TRIGGER,SKKARSTA_AD0_ZPRACOVANI,SKKARSTA,0
TRIGGER,SKKARFIFO_BI0_ZPRACOVANI,SKKARFIFO,0
TRIGGER,SKKARFIFO_AI0_ZPRACOVANI,SKKARFIFO,0
TRIGGER,SKKARFIFO_BU0_ZPRACOVANI,SKKARFIFO,0
TRIGGER,SKKARFIFO_AU0_ZPRACOVANI,SKKARFIFO,0
TRIGGER,SKKARFIFO_AD0_ZPRACOVANI,SKKARFIFO,0
TRIGGER,SKKARCEN_BI0_NOTNULL,SKKARCEN,0
TRIGGER,SKKARCEN_BU0_UPDCNT,SKKARCEN,0
TRIGGER,SKKARVAT_BI0_NOTNULL,SKKARVAT,0
TRIGGER,SKKARVAT_BU0_UPDCNT,SKKARVAT,0
TRIGGER,SKKAREAN_BI0_ZPRACOVANI,SKKAREAN,0
TRIGGER,SKKAREAN_BU0_ZPRACOVANI,SKKAREAN,0
TRIGGER,SKKARKATEX_BI0_ZPRACOVANI,SKKARKATEX,0
TRIGGER,SKKARKATEX_BU0_ZPRACOVANI,SKKARKATEX,0
TRIGGER,SKKARMJ2_BI0_KAR,SKKARMJ2,0
TRIGGER,SKKARMJ2_BI1_EAN,SKKARMJ2,0
TRIGGER,SKKARMJ2_AI0_POH,SKKARMJ2,0
TRIGGER,SKKARMJ2_BU0_KAR,SKKARMJ2,0
TRIGGER,SKKARMJ2_BU1_EAN,SKKARMJ2,0
TRIGGER,SKKARMJ2_BU1_UPDCNT,SKKARMJ2,0
TRIGGER,SKKARMJ2_AU0_MJ2,SKKARMJ2,0
TRIGGER,SKKARMJ2_AD0_MJ2,SKKARMJ2,0
TRIGGER,SKKARINV_BI_ZPRACOVANI,SKKARINV,0
TRIGGER,SKKARINV_BU_ZPRACOVANI,SKKARINV,0
TRIGGER,SKKARINV_BD_ZPRACOVANI,SKKARINV,0
TRIGGER,SKKARINV_AD_ZPRACOVANI,SKKARINV,0
TRIGGER,SKKARINVP_BI_ZPRACOVANI,SKKARINVP,0
TRIGGER,SKKARINVP_AI_ZPRACOVANI,SKKARINVP,0
TRIGGER,SKKARINVP_BU_ZPRACOVANI,SKKARINVP,0
TRIGGER,SKKARINVP_AU_ZPRACOVANI,SKKARINVP,0
TRIGGER,SKKARINVP_AD_ZPRACOVANI,SKKARINVP,0
TRIGGER,SKKARDET_BI_ZPRACOVANI,SKKARDET,0
TRIGGER,SKKARDET_BU_UPDCNT,SKKARDET,0
TRIGGER,SKKARDOD_BI0_EAN,SKKARDOD,0
TRIGGER,SKKARDOD_BI2_BALENI,SKKARDOD,0
TRIGGER,SKKARDOD_BU0_EAN,SKKARDOD,0
TRIGGER,SKKARDOD_BU1_BALENI,SKKARDOD,0
TRIGGER,SKKARDOD_BU2_UPDCNT,SKKARDOD,0
TRIGGER,SKKARPOL_BI_RECURSIVECHECK,SKKARPOL,0
TRIGGER,SKKARPOL_BU_RECURSIVECHECK,SKKARPOL,0
TRIGGER,SKKARPOL_BU_UPDCNT,SKKARPOL,0
TRIGGER,SKKARZAM_AI_VZAJEMNE,SKKARZAM,0
TRIGGER,SKKARZAM_BU_UPDCNT,SKKARZAM,0
TRIGGER,SKKARREL_BI_ZPRACOVANI,SKKARREL,0
TRIGGER,SKKARREL_BU_ZPRACOVANI,SKKARREL,0
TRIGGER,SKKARZAM_AU_VZAJEMNE,SKKARZAM,0
TRIGGER,SKKARZAM_AD_VZAJEMNE,SKKARZAM,0
TRIGGER,PDTYPYPS_BI_IDR,PDTYPYPS,0
TRIGGER,PDPOCSTAVY_BU_UPDCNT,PDPOCSTAVY,0
TRIGGER,PDPOCSTAVY_AU0,PDPOCSTAVY,0
TRIGGER,PDPOHYBY_BI_IDR,PDPOHYBY,0
TRIGGER,OSNOVA_BI_IDR,OSNOVA,0
TRIGGER,OSNOVA_BU_UPDCNT,OSNOVA,0
TRIGGER,POCZOS_BU_UPDCNT,POCZOS,0
TRIGGER,POCZOS_AU0,POCZOS,0
TRIGGER,VYKAZY_BI_IDR,VYKAZY,0
TRIGGER,VYKAZYP_BI_IDR,VYKAZYP,0
TRIGGER,VYKAZY_BU_UPDCNT,VYKAZY,0
TRIGGER,VYKAZYP_BU_UPDCNT,VYKAZYP,0
TRIGGER,POLUCDE_BU_UPDCNT,POLUCDE,0
TRIGGER,MODILOG_BI0_IDMODI,MODILOG,0
TRIGGER,SVCLOG_BI_IDR,SVCLOG,0
TRIGGER,DANURADY_BI_IDR,DANURADY,0
TRIGGER,TYPYPLN_BI_IDR,TYPYPLN,0
TRIGGER,TYPYPOL_BI_IDR,TYPYPOL,0
TRIGGER,PRACZARAZ_BI_IDR,PRACZARAZ,0
TRIGGER,DPHSHPOL_BU_UPDCNT,DPHSHPOL,0
TRIGGER,DPHSHCOS_BU_UPDCNT,DPHSHCOS,0
TRIGGER,DMAJET_BU_UPDCNT,DMAJET,0
TRIGGER,EMTRIDY_BI_IDR,EMTRIDY,0
TRIGGER,EMMISTA_BI_IDR,EMMISTA,0
TRIGGER,EMVOLKAT1_BI_IDR,EMVOLKAT1,0
TRIGGER,EMVOLKAT2_BI_IDR,EMVOLKAT2,0
TRIGGER,EMZPUPOR_BI_IDR,EMZPUPOR,0
TRIGGER,EMZPUVYR_BI_IDR,EMZPUVYR,0
TRIGGER,MAJET_BU_UPDCNT,MAJET,0
TRIGGER,EMTEZHOD_BU_UPDCNT,EMTEZHOD,0
TRIGGER,EMPRERUS_BU_UPDCNT,EMPRERUS,0
TRIGGER,EMDOSKUP_BU_UPDCNT,EMDOSKUP,0
TRIGGER,EMDANODP_BU_UPDCNT,EMDANODP,0
TRIGGER,EMUCEODP_BU_UPDCNT,EMUCEODP,0
TRIGGER,AUTA_BU_UPDCNT,AUTA,0
TRIGGER,JAZDY_BU_UPDCNT,JAZDY,0
TRIGGER,PALIVA_BU_UPDCNT,PALIVA,0
TRIGGER,SZN_BU_UPDCNT,SZN,0
TRIGGER,VODICI_BU_UPDCNT,VODICI,0
TRIGGER,TRASY_BU_UPDCNT,TRASY,0
TRIGGER,STRAVNE_BU_UPDCNT,STRAVNE,0
TRIGGER,ZAKAZKA_BI0_IDR,ZAKAZKA,0
TRIGGER,ZAKAZKA_BU_UPDCNT,ZAKAZKA,0
TRIGGER,MENY_BU_UPDCNT,MENY,0
TRIGGER,MENY_BI0_IDR,MENY,0
TRIGGER,PLATIDLA_BU_UPDCNT,PLATIDLA,0
TRIGGER,KURZY_BI_ZPRACOVANI,KURZY,0
TRIGGER,KURZY_BU_ZPRACOVANI,KURZY,0
TRIGGER,KURZY_BD_ZPRACOVANI,KURZY,0
TRIGGER,KURZYCEL_BI_ZPRACOVANI,KURZYCEL,0
TRIGGER,TYPYPOL_BU0_UPDCNT,TYPYPOL,0
TRIGGER,SAZBYDPH_IDR,SAZBYDPH,0
TRIGGER,FAKGENER2_BI0_BU0,FAKGENER2,0
TRIGGER,OBDOBI_BI0_BU0,OBDOBI,0
TRIGGER,ZAPOCTY_BI0,ZAPOCTY,0
TRIGGER,ZAPOCTY_BU0_UPDCNT,ZAPOCTY,0
TRIGGER,ZAPOCPOL_BI0,ZAPOCPOL,0
TRIGGER,ZAPOCPOL_BU0_UPDCNT,ZAPOCPOL,0
TRIGGER,OPRCISACT_BI0_ZPRACOVANI,OPRCISACT,0
TRIGGER,OPRAVY_BI0_ZPRACOVANI,OPRAVY,0
TRIGGER,OPRAVY_BU0_ZPRACOVANI,OPRAVY,0
TRIGGER,OPRAVY_BD0_ZPRACOVANI,OPRAVY,0
TRIGGER,OPRAVYMAT_BI0_ZPRACOVANI,OPRAVYMAT,0
TRIGGER,OPRAVYMAT_AI0_ZPRACOVANI,OPRAVYMAT,0
TRIGGER,OPRAVYMAT_BU0_ZPRACOVANI,OPRAVYMAT,0
TRIGGER,OPRAVYMAT_AU0_ZPRACOVANI,OPRAVYMAT,0
TRIGGER,OPRAVYMAT_AD0_ZPRACOVANI,OPRAVYMAT,0
TRIGGER,OPRAVYACT_BI0_ZPRACOVANI,OPRAVYACT,0
TRIGGER,OPRAVYACT_BU0_ZPRACOVANI,OPRAVYACT,0
TRIGGER,OPRCISOSB_BI0_ZPRACOVANI,OPRCISOSB,0
TRIGGER,OPRCISOSB_BU0_ZPRACOVANI,OPRCISOSB,0
TRIGGER,PTYPYOBALEK_BI_IDR,PTYPYOBALEK,0
TRIGGER,PZASILCENIK_BI_IDR,PZASILCENIK,0
TRIGGER,PZASILSAZBY_BI_IDR,PZASILSAZBY,0
TRIGGER,PTYPYPOUKAZ_BI_IDR,PTYPYPOUKAZ,0
TRIGGER,PPOUKSAZBA_BI_IDR,PPOUKSAZBA,0
TRIGGER,SPOSDOPR_BI,SPOSDOPR,0
TRIGGER,SPOSDOPR_BU,SPOSDOPR,0
TRIGGER,PTYPYZASIL_BI_IDR,PTYPYZASIL,0
TRIGGER,PTYPYZASIL_BU,PTYPYZASIL,0
TRIGGER,PUDANACENA_BI_IDR,PUDANACENA,0
TRIGGER,PSEZSLUZEB_BI_IDR,PSEZSLUZEB,0
TRIGGER,PPOZADSLUZBY_BI_IDR,PPOZADSLUZBY,0
TRIGGER,PZASILKY_BI_IDR,PZASILKY,0
TRIGGER,PZASILKY_BI_ZAS,PZASILKY,0
TRIGGER,PZASILKY_BU,PZASILKY,0
TRIGGER,PZASILKY_BU_ZAS,PZASILKY,0
TRIGGER,PVYRIZOVATELE_BI_IDR,PVYRIZOVATELE,0
TRIGGER,PTYPYPRIJPOSTY_BI_IDR,PTYPYPRIJPOSTY,0
TRIGGER,PPRIJPOSTPRIL_BI_IDR,PPRIJPOSTPRIL,0
TRIGGER,PPRIJPOSTA_BI_IDR,PPRIJPOSTA,0
TRIGGER,PPOUKAZKY_BI_IDR,PPOUKAZKY,0
TRIGGER,PEVIDLISTKY_BI_IDR,PEVIDLISTKY,0
TRIGGER,PEVIDPOLOZKY_BI_IDR,PEVIDPOLOZKY,0
TRIGGER,PSKUPINYZASIL_BI_IDR,PSKUPINYZASIL,0
TRIGGER,PPREPRAVCI_BI_IDR,PPREPRAVCI,0
TRIGGER,EET_PROFIL_ZPRACOVANI,EET_PROFIL,0
TRIGGER,EET_PROFIL_BIU0_ZPRACOVANI,EET_PROFIL,0
TRIGGER,EET_PROFIL_BD0_ZPRACOVANI,EET_PROFIL,0
TRIGGER,EET_LOG_BI_ZPRACOVANI,EET_LOG,0
TRIGGER,EET_LOG_AI_ZPRACOVANI,EET_LOG,0
TRIGGER,EET_LOG_BU0_ZPRACOVANI,EET_LOG,0
TRIGGER,EET_LOG_BD0_ZPRACOVANI,EET_LOG,0
TRIGGER,EET_LOG_AD0_ZPRACOVANI,EET_LOG,0
TRIGGER,EKASA_LOG_BI_ZPRACOVANI,EKASA_LOG,0
TRIGGER,EKASA_LOG_BD0_ZPRACOVANI,EKASA_LOG,0
TRIGGER,FIRLOG_BI,FIRLOG,0
TRIGGER,PROFILY_BIU0_KOD,PROFILY,0
TRIGGER,MXOSOBY_UPDATE,MXOSOBY,0
TRIGGER,MXPLATBY_IDR,MXPLATBY,0
TRIGGER,MXMZDCIS_IDR,MXMZDCIS,0
TRIGGER,MXDAVKY_BI0_BU0,MXDAVKY,0
TRIGGER,MXELDPDET_BI0_BU0,MXELDPDET,0
TRIGGER,MXDOCHDOBY_BI0_BU0,MXDOCHDOBY,0
TRIGGER,MXDDSZAM_BI0_BU0,MXDDSZAM,0
PROCEDURE,UCDEPOL_INIT_PARSYMBOL,,
PROCEDURE,SKKAR_INITSKKARSTA,,
PROCEDURE,SKKARSTA_INITCENAX,,
PROCEDURE,SKKARSTA_INITNORMY,,
PROCEDURE,SKKARKUS_SKLAD,,
PROCEDURE,OBJPR_VYBAVENE,,
PROCEDURE,OBJVY_VYBAVENE,,
PROCEDURE,OPRAVY_VYBAVENE,,
PROCEDURE,OBJPR_INIT,,
PROCEDURE,OBJVY_INIT,,
PROCEDURE,OPRAVY_INIT,,
PROCEDURE,FAK_INIT_DOBROPISVRUBOPIS,,
PROCEDURE,ZAOKNEW,,
PROCEDURE,INIT_SLEVAMJ,,
PROCEDURE,RAND_DAY_IN_DATE,,
PROCEDURE,TEXT_ANONYMIZE,,
PROCEDURE,INIT_GEN_PU,,
PROCEDURE,INIT_GEN_EETPG,,
PROCEDURE,ADDMONTH,,
PROCEDURE,NEXTDATE,,
PROCEDURE,POS,,
PROCEDURE,COMPARE_VALUE,,
PROCEDURE,COMPARE_POCETMJ,,
PROCEDURE,INFILTER,,
PROCEDURE,BANOBRAT_SET_DC,,
PROCEDURE,BANOBRAT_SET_BAZAUC,,
PROCEDURE,BANOBRAT_INIT_BAZAUC,,
PROCEDURE,BANOBRAT_HROM_STAV,,
PROCEDURE,DOUSRLOCK,,
PROCEDURE,SKKAR_DOD_IDR,,
PROCEDURE,SKKAR_DOD_CIS,,
PROCEDURE,BOOLEANDEFITEM,,
PROCEDURE,DATEDEFITEM,,
PROCEDURE,INTEGERDEFITEM,,
PROCEDURE,CURRENCYDEFITEM,,
PROCEDURE,STRINGDEFITEM,,
PROCEDURE,VALUECFGITEM,,
PROCEDURE,BOOLEANCFGITEM,,
PROCEDURE,DATECFGITEM,,
PROCEDURE,INTEGERCFGITEM,,
PROCEDURE,CURRENCYCFGITEM,,
PROCEDURE,STRINGCFGITEM,,
PROCEDURE,UZIDENTIFIKACE,,
PROCEDURE,GETUZFIRPOBID,,
PROCEDURE,PS_ZAOKSKLCEN,,
PROCEDURE,FIRUCTO_JEPODUC,,
PROCEDURE,MAPRAVO_RAISEEXCEPTION,,
PROCEDURE,MAPRAVOE,,
PROCEDURE,RABPROCCFGITEM,,
PROCEDURE,FIRLOG_WRITE,,
PROCEDURE,FIRLOG_DELETE,,
PROCEDURE,FIRLOG_EVENT,,
PROCEDURE,FIRLOG_EET,,
PROCEDURE,GETPOCBAL,,
PROCEDURE,GET_SKPOH_BRUTTO,,
PROCEDURE,SET_SKPOH_NETTO,,
PROCEDURE,SET_SKPOH_BRUTTO,,
PROCEDURE,GET_OBJPR_HMOTNOST,,
PROCEDURE,GET_OBJVY_HMOTNOST,,
PROCEDURE,SKKARINV_DAT_ZAR,,
PROCEDURE,VRATDPHZOZAKLADUPOL,,
PROCEDURE,VRATDPHZOSUMYPOL,,
PROCEDURE,VRATZAKLADZOSUMYPOL,,
PROCEDURE,VRATDPHZOSUMY,,
PROCEDURE,FAKOBJPOLCELKEM,,
PROCEDURE,GETCENAPOSLEVE,,
PROCEDURE,INIT_SPP_CENA_MJ,,
PROCEDURE,INIT_OBJ_VYBAVITCEL,,
PROCEDURE,INIT_SK_DODAVATELE,,
PROCEDURE,INIT_SK_KUSY,,
PROCEDURE,INIT_PUP_DATSPLAT,,
PROCEDURE,VRAT_S_DOMINUSU,,
PROCEDURE,VRATDPH,,
PROCEDURE,SKKARFIFO_SETCENAMJ,,
PROCEDURE,SKKAR_SKLCENA,,
PROCEDURE,SKKARKUS_CLEAR,,
PROCEDURE,SKKAR_ROCNIPREVOD_S,,
PROCEDURE,SKKAR_ROCNIPREVOD_NEW_S,,
PROCEDURE,SKKAR_ROCNIPREVOD_Z,,
PROCEDURE,SKKAR_ROCNIPREVOD_NEW_Z,,
PROCEDURE,SKKAR_CENA0TOALLSKLAD,,
PROCEDURE,SKKAR_CENA0FIFOSPOLZVLAST,,
PROCEDURE,SKKARSTA_COPYCENRABTOALL,,
PROCEDURE,SKKARSTA_COPYCENRABFROMX,,
PROCEDURE,SKKARSTA_COPYNORMYTOALL,,
PROCEDURE,SKKARSTA_COPYNORMYFROMX,,
PROCEDURE,SKKAR_INSKLADY,,
PROCEDURE,SKKAR_AKTIVNI,,
PROCEDURE,SKKAR_SETAKTIVNI,,
PROCEDURE,SKKAR_GETCENY_IDR,,
PROCEDURE,SKKAR_GETCENY_CISLO,,
PROCEDURE,SKKAR_GETCENY_IDPOHPOL,,
PROCEDURE,GETCENAXPRESCENAXSDPH,,
PROCEDURE,SKKAR_GETCENAX,,
PROCEDURE,SKKAR_CENAX,,
PROCEDURE,SKKARSTA_COPYCENAXTOALL_S,,
PROCEDURE,SKKARSTA_COPYCENAXTOALL_Z,,
PROCEDURE,ADRES_ZMENA_DIC,,
PROCEDURE,CENSKUP_FIRSTFREE,,
PROCEDURE,PRECISLUJ_UCDEPOL_PODLE_CISLA,,
PROCEDURE,PRECISLUJ_UCDE_PODLE_CISLA,,
PROCEDURE,PRECISLUJ_PENDE_PODLE_CISLA,,
PROCEDURE,PRECISLUJ_POKL,,
PROCEDURE,PRECISLUJ_INTDOK,,
PROCEDURE,SET_PRAVA,,
PROCEDURE,FIRPRPREXT_COPY,,
PROCEDURE,IFPRAVAPOSINFO,,
PROCEDURE,IFPRAVASKLAD,,
PROCEDURE,IFPRAVASTREDISKO,,
PROCEDURE,OBRATUCTU2,,
PROCEDURE,UCDE_FAKXX_CELKOM,,
PROCEDURE,STAVUCTU,,
PROCEDURE,UCTY_AKTIVNI,,
PROCEDURE,UCTY_NAKLADOVE,,
PROCEDURE,PREDVAHA_S,,
PROCEDURE,PREDVAHA_A,,
PROCEDURE,PREDVAHA2_S,,
PROCEDURE,PREDVAHA2_A,,
PROCEDURE,PREDVAHA_STRED_SUBSELECT,,
PROCEDURE,PREDVAHA_STRED,,
PROCEDURE,PREDVAHA_ZAK_SUBSELECT,,
PROCEDURE,PREDVAHA_ZAK,,
PROCEDURE,PREDVAHA_ZAK_STRED_SUBSELECT,,
PROCEDURE,PREDVAHA_ZAK_STRED,,
PROCEDURE,PREDVAHA_CINNOST_SUBSELECT,,
PROCEDURE,PREDVAHA_CINNOST,,
PROCEDURE,DPH_FV_DENIK,,
PROCEDURE,DPH_FP_DENIK,,
PROCEDURE,PRIKUHRSET_FP,,
PROCEDURE,PRIKUHRSET_ZV,,
PROCEDURE,PRIKUHRSET_PL,,
PROCEDURE,PRIKUHRSET,,
PROCEDURE,PRIKUHRTISK,,
PROCEDURE,PRIKUHRDELAG,,
PROCEDURE,PRIKUHR_DEL,,
PROCEDURE,PRIKUHR_DATUMDEL,,
PROCEDURE,PRIKUHRDELFP,,
PROCEDURE,PRIKUHRDELZV,,
PROCEDURE,PRIKUHRDELSTPL,,
PROCEDURE,STAV_UHR_FAKVY,,
PROCEDURE,STAV_UHR_OSPOH,,
PROCEDURE,STAV_UHR_MXUD,,
PROCEDURE,STAV_UHR_MXMP,,
PROCEDURE,NEZAUC_SP,,
PROCEDURE,KONTR_UCT_SKLPRIJ,,
PROCEDURE,KONTR_SKLPRIJ_UCT,,
PROCEDURE,CORRECT_UCT_SKLPRIJ,,
PROCEDURE,KONTR_UCT_SKLVYD,,
PROCEDURE,KONTR_SKLVYD_UCT,,
PROCEDURE,CORRECT_UCT_SKLVYD,,
PROCEDURE,KONTR_UCT_POKLPRIJ,,
PROCEDURE,KONTR_UCT_POKLVYD,,
PROCEDURE,KONTR_UCT_INTDOK_VYNOSY,,
PROCEDURE,KONTR_UCT_INTDOK_NAKLADY,,
PROCEDURE,KONTR_UCT_OSNOVA,,
PROCEDURE,DPH_DOKL_TOTAL2DPHSUM,,
PROCEDURE,DPH_DOKL,,
PROCEDURE,DPH_DOKL_SAZBADPH,,
PROCEDURE,DPH_DOKL_TOTAL1,,
PROCEDURE,DPH_DOKL_TOTAL2,,
PROCEDURE,SKKARKUS_SEL_PRIJEM,,
PROCEDURE,SKKARKUS_SEL_VYDEJ,,
PROCEDURE,SKKARKUS_SEL_VOLNE,,
PROCEDURE,SKKARKUS_SEL_STORNO,,
PROCEDURE,SKKARKUS_DELETE,,
PROCEDURE,SKKARKUS_VYDEJ,,
PROCEDURE,SKKARKUS_UZAV,,
PROCEDURE,SKKAR_CHECKSTAV,,
PROCEDURE,KONTSKPOH_IDPOH,,
PROCEDURE,KONTSKPOH_DATUMPOL,,
PROCEDURE,KONTSKKAR_S,,
PROCEDURE,KONTSKKAR_SF,,
PROCEDURE,KONTSKKAR_Z,,
PROCEDURE,KONTSKKAR_Z0,,
PROCEDURE,KONTSKKAR_ZF,,
PROCEDURE,KONTSKKAR_Z0F,,
PROCEDURE,KONTSKKAR_SKLCEN_S,,
PROCEDURE,KONTSKKAR_SKLCEN_Z,,
PROCEDURE,KONTSKKAR_SKLCEN_ZX,,
PROCEDURE,KONTSKKAR_DOMINUSU_0,,
PROCEDURE,KONTSKKAR_DOMINUSU,,
PROCEDURE,KONTSKKAR_DOMINUSUCHECK_0_EX,,
PROCEDURE,KONTSKKAR_DOMINUSUCHECK_EX,,
PROCEDURE,KONTSKKAR_DOMINUSUCHECK,,
PROCEDURE,KONTSKKAR_UNQEAN,,
PROCEDURE,KONTSKKAR_UNQKOD1,,
PROCEDURE,KONTSKKAR_UNQKODDOD,,
PROCEDURE,KONTSKKAR_UNQKOD1DOD,,
PROCEDURE,KONTSKKAR_UNQEAN_KODDOD,,
PROCEDURE,KONTSKKAR_UNQKOD1_KOD1DOD,,
PROCEDURE,KONTSKKAR_DATZAR,,
PROCEDURE,SKKARPOL_RECURSIVECHECK,,
PROCEDURE,SKPOH_SUMPRIJEMVYDEJ,,
PROCEDURE,SKPOH_JEZAUCTOVAN,,
PROCEDURE,SKPOH_JEZAUCIDPOH,,
PROCEDURE,SKPOH_JEOBJXX,,
PROCEDURE,SKPOH_JEFAKXX,,
PROCEDURE,SKPOH_P_INTRASTAT,,
PROCEDURE,SKPOH_V_INTRASTAT,,
PROCEDURE,SKPOHPOL_INITPOCBAL,,
PROCEDURE,SKPOHPOL_PRUMCENA,,
PROCEDURE,SKPOH_OCENENO,,
PROCEDURE,SKPOHPOL_RESETOCENENO,,
PROCEDURE,SKPOHPOL_OCENFIFO,,
PROCEDURE,SKPOHPOL_LASTFIFO,,
PROCEDURE,SKPOHPOL_CORRPRUMCENA,,
PROCEDURE,SKPOHPOL_DELETE,,
PROCEDURE,SKPOH_DELETE,,
PROCEDURE,OPRAVYMAT_DELETE,,
PROCEDURE,INTDOK_UZAV,,
PROCEDURE,POKL_UZAV,,
PROCEDURE,POKL_UZAV_VSE,,
PROCEDURE,POKLADNASP,,
PROCEDURE,UCDE_POKLADNA,,
PROCEDURE,UCDE_HROMADNA_ZMENA_UCTU,,
PROCEDURE,UCDE_SALDONEPARY_FAKPOHL,,
PROCEDURE,UCDE_SALDONEPARY_UCDE_SUBSEL,,
PROCEDURE,UCDE_SALDONEPARY_UCDE,,
PROCEDURE,FAKPZ_DATACHANGE_CHECK,,
PROCEDURE,FAKVY_DELETE,,
PROCEDURE,FAKPR_DELETE,,
PROCEDURE,OSPOH_DELETE,,
PROCEDURE,OSZAV_DELETE,,
PROCEDURE,FAK_CALC_UHRADIT,,
PROCEDURE,PZ_CALC_UHRADIT,,
PROCEDURE,FAK_ZAPLACSP,,
PROCEDURE,PZ_ZAPLACSP,,
PROCEDURE,FAKVY_ZRUS_ZAPLAC,,
PROCEDURE,FAKPR_ZRUS_ZAPLAC,,
PROCEDURE,OSPOH_ZRUS_ZAPLAC,,
PROCEDURE,OSZAV_ZRUS_ZAPLAC,,
PROCEDURE,ZAPOCTY_UZAV_VYMAZ,,
PROCEDURE,KONTROLA_UCT_FV,,
PROCEDURE,KONTROLA_UCT_FP,,
PROCEDURE,OBJVY_DELETE,,
PROCEDURE,OBJVY_ZRUS_VYBAVENE,,
PROCEDURE,OBJPR_DELETE,,
PROCEDURE,OBJPR_ZRUS_VYBAVENE,,
PROCEDURE,OBJPR_REFRESH_NABIDKA,,
PROCEDURE,OBJVY_USEDDOC,,
PROCEDURE,OBJVY_ISUSED,,
PROCEDURE,OBJVY_REFRESH_POPTAVKA,,
PROCEDURE,OBJPR_VYKRYTI,,
PROCEDURE,OBJPR_VYROBIT,,
PROCEDURE,OP_FV_STAV,,
PROCEDURE,OV_FP_STAV,,
PROCEDURE,OP_MO_STAV,,
PROCEDURE,OBJPR_USEDDOC,,
PROCEDURE,OBJPR_ISUSED,,
PROCEDURE,UZAVERKA_AGEND,,
PROCEDURE,UCDE_UZAVERKA,,
PROCEDURE,PENDE_UZAVERKA,,
PROCEDURE,PENDE_UZAV_BANKY,,
PROCEDURE,VOBAL_SEZNVYDOBAL,,
PROCEDURE,VOBAL_SEZNVYDOBAL_F,,
PROCEDURE,UCDEPOLLOG_WRITE,,
PROCEDURE,UCDEPOLLOG_DELETE,,
PROCEDURE,UCDEPOLLOG_SETUP,,
PROCEDURE,SKLADY_FIRSTFREE,,
PROCEDURE,SKDRUPOH_FIRSTFREE,,
PROCEDURE,SKKAR_POHPOL_PRUM,,
PROCEDURE,SKKAR_POHPOL_FIFO,,
PROCEDURE,SKKAR_POHPOL,,
PROCEDURE,SKKAR_KARKUS,,
PROCEDURE,VSKKAR_CENAMJ_S,,
PROCEDURE,VSKKAR_CENAMJ_Z,,
PROCEDURE,VSKKAR_OBRATY,,
PROCEDURE,VSKKAR_OBRICO_NO,,
PROCEDURE,VSKKAR_OBRICO_EQU,,
PROCEDURE,VSKKAR_OBRICO_START,,
PROCEDURE,VSKKAR_SKKAR_S,,
PROCEDURE,VSKKAR_SKKAR_Z,,
PROCEDURE,OP_TO_OV,,
PROCEDURE,OP_TO_OV_ICO,,
PROCEDURE,OV_TO_OP,,
PROCEDURE,OV_TO_OP_ICO,,
PROCEDURE,OP_TO_SV,,
PROCEDURE,OP_TO_SV_ICO,,
PROCEDURE,OV_TO_SP,,
PROCEDURE,OV_TO_SP_ICO,,
PROCEDURE,OP_TO_FV,,
PROCEDURE,OP_TO_FV_ICO,,
PROCEDURE,OV_TO_FP,,
PROCEDURE,OV_TO_FP_ICO,,
PROCEDURE,NA_TO_OP,,
PROCEDURE,NA_TO_OP_ICO,,
PROCEDURE,KURZY_CLONERECORD,,
PROCEDURE,MOVYRCIS_PRIPOCTI,,
PROCEDURE,MOVYRCIS_ZMEN_MNOZSTVI,,
PROCEDURE,SET_SKKAR_CELKEM,,
PROCEDURE,CHECKPDPRIJEMVYDEJ,,
PROCEDURE,MODILOG_WRITE,,
PROCEDURE,POMERY_OSOBY_K_DATU,,
PROCEDURE,POMERY_OSOBY_K_OBD,,
PROCEDURE,MZDYPOL_SUMA_HODNOT,,
PROCEDURE,MZDYPOL_ZMEN_HODNOTU,,
PROCEDURE,ENCODE_DATE,,
PROCEDURE,POSL_DEN_MESICE,,
PROCEDURE,MZDA_ZA_VYKON,,
FUNCTION,LTRIM,,
FUNCTION,RTRIM,,
FUNCTION,STRLEN,,
FUNCTION,SUBSTR,,
