kind,name,sha256
triggers,OBJPRPOL_AI0_ZPRACOVANI,9e57a7ea361f857c0d2e9be309fa8c32146171ee89d28080d7a0446ae5c869d1
triggers,SKPOH_BU0_ZPRACOVANI,4326dde9e67da8295c480c78a5904af845d4be907051f7511c334bf3b9ff74b2
triggers,SKPOHPOL_AI0_ZPRACOVANI,5e0cb4669381987afeaa849309bd0c26fd69308ca73b4c14c9fc6614bf8524cd
triggers,SKPOHPOL_AU0_ZPRACOVANI,6ec995520eb175f92921701ed2dca37faedc03a1f9280e6f905f61cc95bc92da
triggers,PENDE_BI0_PENDE,97ac68a6398f498dba22b31ffe11169512cfd033c602099932fa7e61edffdace
triggers,FAKVYUHR_AI1_BANOBRAT,12d0e85c63786880a8851c4fbac993c740f18683685616627a2cf831f36cdaf1
procedures,FAK_INIT_DOBROPISVRUBOPIS,d9d0fcec2ef3322d45e67a48b7509374e200c140cfc33d531007e081099d8e1d
procedures,SKKAR_ROCNIPREVOD_NEW_S,702d41c2704ddba45acc1ca4a83df0f350524847c5cc5772a4b403dff8c44128
procedures,STAV_UHR_FAKVY,2fbc69620f5cc06ed4ebaca55b34820a98a2ee91347cb7273b0cae2a427f52ee
procedures,SKPOH_JEOBJXX,66f69867075bf76e99fbd096d213bc4ad6c5d375c6cb82c324afbc53bbd44bee
procedures,SKPOHPOL_PRUMCENA,0b57318baf196430602bcc64e11836bc1002425427cfca328fa400d20fad68f5
procedures,OBJPR_REFRESH_NABIDKA,235ec7acf241d2c2dfe5fde8d903726db130f38caa82a055218849f8fb84837d
procedures,SET_SKKAR_CELKEM,41eac192a5ccc27fccaf4e12e8cef16dd749b2cd9e0c3d29bf2fb2c3b6c2ef27
