table,domain_hint,semantic_review,DATA0001,DATA0002,DATA0003,DATASPOL,DATALOCK
ADRES,partners,pending-unless-covered-in-report,5976,881,6782,ABSENT,ABSENT
ADRESBAN,partners,pending-unless-covered-in-report,130,40,140,ABSENT,ABSENT
ADRESGDPR,partners,pending-unless-covered-in-report,0,0,0,ABSENT,ABSENT
ADRESKON,partners,pending-unless-covered-in-report,0,0,0,ABSENT,ABSENT
ADRESTYP,partners,pending-unless-covered-in-report,128,128,128,ABSENT,ABSENT
AKTAG,unclassified-review-required,pending-unless-covered-in-report,0,0,0,ABSENT,ABSENT
AKTIVITKON,unclassified-review-required,pending-unless-covered-in-report,0,0,0,ABSENT,ABSENT
AKTIVITUSR,unclassified-review-required,pending-unless-covered-in-report,0,0,0,ABSENT,ABSENT
AKTIVITY,unclassified-review-required,pending-unless-covered-in-report,0,0,0,ABSENT,ABSENT
AUTA,vehicles,pending-unless-covered-in-report,2,0,2,ABSENT,ABSENT
BANKY,cash-accounting,pending-unless-covered-in-report,3,2,3,ABSENT,ABSENT
BANOBRAT,cash-accounting,pending-unless-covered-in-report,561,561,0,ABSENT,ABSENT
BANVYPIS,cash-accounting,pending-unless-covered-in-report,11,11,0,ABSENT,ABSENT
BVPROFIL,unclassified-review-required,pending-unless-covered-in-report,0,0,0,ABSENT,ABSENT
BVPROFILP,unclassified-review-required,pending-unless-covered-in-report,0,0,0,ABSENT,ABSENT
CENINT,unclassified-review-required,pending-unless-covered-in-report,0,0,0,ABSENT,ABSENT
CENINY,unclassified-review-required,pending-unless-covered-in-report,0,0,0,ABSENT,ABSENT
CENSKUP,unclassified-review-required,pending-unless-covered-in-report,1,0,1,ABSENT,ABSENT
CENSKUPPOL,unclassified-review-required,pending-unless-covered-in-report,12,0,12,ABSENT,ABSENT
CHARTPAR,unclassified-review-required,pending-unless-covered-in-report,29,9,29,ABSENT,ABSENT
CINNOSTI,unclassified-review-required,pending-unless-covered-in-report,0,0,0,ABSENT,ABSENT
CISPOKL,unclassified-review-required,pending-unless-covered-in-report,1,1,1,ABSENT,ABSENT
CZISCO,unclassified-review-required,pending-unless-covered-in-report,0,0,0,ABSENT,ABSENT
DANURADY,unclassified-review-required,pending-unless-covered-in-report,102,102,102,ABSENT,ABSENT
DEFPREDKONT,unclassified-review-required,pending-unless-covered-in-report,0,0,0,ABSENT,ABSENT
DENIKREP,unclassified-review-required,pending-unless-covered-in-report,0,0,0,ABSENT,ABSENT
DMAJET,unclassified-review-required,pending-unless-covered-in-report,0,0,0,ABSENT,ABSENT
DOCEVENT,attachments-communication,pending-unless-covered-in-report,34,0,3995,ABSENT,ABSENT
DOCSELECT,attachments-communication,pending-unless-covered-in-report,4,ABSENT,3,ABSENT,ABSENT
DOCSTORE,attachments-communication,pending-unless-covered-in-report,7387,0,1890,ABSENT,ABSENT
DOCSTORED,attachments-communication,pending-unless-covered-in-report,7387,0,1890,ABSENT,ABSENT
DODPODM,unclassified-review-required,pending-unless-covered-in-report,14,14,14,ABSENT,ABSENT
DOKLADY,unclassified-review-required,pending-unless-covered-in-report,13012,496,15941,ABSENT,ABSENT
DOPLMJ,unclassified-review-required,pending-unless-covered-in-report,47,47,47,ABSENT,ABSENT
DPHEVID,unclassified-review-required,pending-unless-covered-in-report,0,0,0,ABSENT,ABSENT
DPHEVIDPAR,unclassified-review-required,pending-unless-covered-in-report,0,0,0,ABSENT,ABSENT
DPHEVIDPOL,unclassified-review-required,pending-unless-covered-in-report,0,0,0,ABSENT,ABSENT
DPHKH,unclassified-review-required,pending-unless-covered-in-report,0,0,0,ABSENT,ABSENT
DPHKHPAR,unclassified-review-required,pending-unless-covered-in-report,0,0,0,ABSENT,ABSENT
DPHKHPOL,unclassified-review-required,pending-unless-covered-in-report,0,0,0,ABSENT,ABSENT
DPHKV,unclassified-review-required,pending-unless-covered-in-report,0,0,0,ABSENT,ABSENT
DPHKVPAR,unclassified-review-required,pending-unless-covered-in-report,0,0,0,ABSENT,ABSENT
DPHKVPOL,unclassified-review-required,pending-unless-covered-in-report,0,0,0,ABSENT,ABSENT
DPHMOSS,unclassified-review-required,pending-unless-covered-in-report,0,0,0,ABSENT,ABSENT
DPHMOSSVP,unclassified-review-required,pending-unless-covered-in-report,0,0,0,ABSENT,ABSENT
DPHMOSSVPR,unclassified-review-required,pending-unless-covered-in-report,0,0,0,ABSENT,ABSENT
DPHMOSSVYK,unclassified-review-required,pending-unless-covered-in-report,0,0,0,ABSENT,ABSENT
DPHOSSVP,unclassified-review-required,pending-unless-covered-in-report,0,ABSENT,0,ABSENT,ABSENT
DPHOSSVPR,unclassified-review-required,pending-unless-covered-in-report,0,ABSENT,0,ABSENT,ABSENT
DPHOSSVYK,unclassified-review-required,pending-unless-covered-in-report,0,ABSENT,0,ABSENT,ABSENT
DPHPRIZ,unclassified-review-required,pending-unless-covered-in-report,1,0,1,ABSENT,ABSENT
DPHPRIZP,unclassified-review-required,pending-unless-covered-in-report,7,0,7,ABSENT,ABSENT
DPHPRIZUHR,unclassified-review-required,pending-unless-covered-in-report,0,0,0,ABSENT,ABSENT
DPHREGEU,unclassified-review-required,pending-unless-covered-in-report,0,0,0,ABSENT,ABSENT
DPHSH,unclassified-review-required,pending-unless-covered-in-report,0,0,0,ABSENT,ABSENT
DPHSHCOS,unclassified-review-required,pending-unless-covered-in-report,0,0,0,ABSENT,ABSENT
DPHSHPAR,unclassified-review-required,pending-unless-covered-in-report,0,0,0,ABSENT,ABSENT
DPHSHPOL,unclassified-review-required,pending-unless-covered-in-report,0,0,0,ABSENT,ABSENT
DRUHDOPR,unclassified-review-required,pending-unless-covered-in-report,9,9,9,ABSENT,ABSENT
EET_LOG,unclassified-review-required,pending-unless-covered-in-report,0,0,0,ABSENT,ABSENT
EET_PROFIL,unclassified-review-required,pending-unless-covered-in-report,0,0,0,ABSENT,ABSENT
EFCFG,unclassified-review-required,pending-unless-covered-in-report,ABSENT,ABSENT,ABSENT,0,ABSENT
EFDIR,unclassified-review-required,pending-unless-covered-in-report,0,0,0,ABSENT,ABSENT
EKASA_LOG,fiscal-pos,pending-unless-covered-in-report,26510,0,31359,ABSENT,ABSENT
EMAILLST,attachments-communication,pending-unless-covered-in-report,1163,0,1813,ABSENT,ABSENT
EMDANODP,unclassified-review-required,pending-unless-covered-in-report,0,0,0,ABSENT,ABSENT
EMDOSKUP,unclassified-review-required,pending-unless-covered-in-report,0,0,0,ABSENT,ABSENT
EMMISTA,unclassified-review-required,pending-unless-covered-in-report,0,0,0,ABSENT,ABSENT
EMODPSAZ,unclassified-review-required,pending-unless-covered-in-report,55,55,55,ABSENT,ABSENT
EMODPSKU,unclassified-review-required,pending-unless-covered-in-report,15,15,15,ABSENT,ABSENT
EMPRERUS,unclassified-review-required,pending-unless-covered-in-report,0,0,0,ABSENT,ABSENT
EMTEZHOD,unclassified-review-required,pending-unless-covered-in-report,0,0,0,ABSENT,ABSENT
EMTRIDY,unclassified-review-required,pending-unless-covered-in-report,10,10,10,ABSENT,ABSENT
EMUCEODP,unclassified-review-required,pending-unless-covered-in-report,0,0,0,ABSENT,ABSENT
EMUCOBD,unclassified-review-required,pending-unless-covered-in-report,0,0,0,ABSENT,ABSENT
EMVOLKAT1,unclassified-review-required,pending-unless-covered-in-report,1,1,1,ABSENT,ABSENT
EMVOLKAT2,unclassified-review-required,pending-unless-covered-in-report,1,1,1,ABSENT,ABSENT
EMZPUPOR,unclassified-review-required,pending-unless-covered-in-report,0,0,0,ABSENT,ABSENT
EMZPUVYR,unclassified-review-required,pending-unless-covered-in-report,0,0,0,ABSENT,ABSENT
EXTEXE,unclassified-review-required,pending-unless-covered-in-report,0,0,0,ABSENT,ABSENT
FAKGENER,invoicing,pending-unless-covered-in-report,0,0,0,ABSENT,ABSENT
FAKGENER2,invoicing,pending-unless-covered-in-report,0,0,0,ABSENT,ABSENT
FAKGENER3,invoicing,pending-unless-covered-in-report,0,0,0,ABSENT,ABSENT
FAKGENER4,invoicing,pending-unless-covered-in-report,0,0,0,ABSENT,ABSENT
FAKPR,invoicing,pending-unless-covered-in-report,16403,779,2750,ABSENT,ABSENT
FAKPRDPH,invoicing,pending-unless-covered-in-report,0,0,0,ABSENT,ABSENT
FAKPRPOL,invoicing,pending-unless-covered-in-report,65162,3452,12227,ABSENT,ABSENT
FAKPRSPL,invoicing,pending-unless-covered-in-report,0,0,0,ABSENT,ABSENT
FAKPRTOTAL,invoicing,pending-unless-covered-in-report,33568,2183,3516,ABSENT,ABSENT
FAKPRUHR,invoicing,pending-unless-covered-in-report,16385,772,2691,ABSENT,ABSENT
FAKVY,invoicing,pending-unless-covered-in-report,25167,1269,4108,ABSENT,ABSENT
FAKVYDPH,invoicing,pending-unless-covered-in-report,0,0,0,ABSENT,ABSENT
FAKVYOBAL,invoicing,pending-unless-covered-in-report,1,0,0,ABSENT,ABSENT
FAKVYPOL,invoicing,pending-unless-covered-in-report,65766,3193,11346,ABSENT,ABSENT
FAKVYSPL,invoicing,pending-unless-covered-in-report,0,0,0,ABSENT,ABSENT
FAKVYTEX,invoicing,pending-unless-covered-in-report,100,2,100,ABSENT,ABSENT
FAKVYTOTAL,invoicing,pending-unless-covered-in-report,52344,3471,4661,ABSENT,ABSENT
FAKVYUHR,invoicing,pending-unless-covered-in-report,25296,1198,4077,ABSENT,ABSENT
FILTR,unclassified-review-required,pending-unless-covered-in-report,21,7,21,ABSENT,ABSENT
FILTRPOL,unclassified-review-required,pending-unless-covered-in-report,43,9,44,ABSENT,ABSENT
FIRLOG,access-configuration,pending-unless-covered-in-report,1070,2,5483,ABSENT,ABSENT
FIRMNAST,access-configuration,pending-unless-covered-in-report,111,83,111,ABSENT,ABSENT
FIRMY,access-configuration,pending-unless-covered-in-report,ABSENT,ABSENT,ABSENT,3,ABSENT
FIRMYUZV,access-configuration,pending-unless-covered-in-report,ABSENT,ABSENT,ABSENT,0,ABSENT
FIRPOB,access-configuration,pending-unless-covered-in-report,2,1,2,ABSENT,ABSENT
FIRPRPR,access-configuration,pending-unless-covered-in-report,10,4,12,ABSENT,ABSENT
FIRPRPREXT,access-configuration,pending-unless-covered-in-report,29,3,39,ABSENT,ABSENT
GDPREVENT,unclassified-review-required,pending-unless-covered-in-report,9,9,9,ABSENT,ABSENT
GLOBFLAG,unclassified-review-required,pending-unless-covered-in-report,ABSENT,ABSENT,ABSENT,ABSENT,0
HLASENI,unclassified-review-required,pending-unless-covered-in-report,45,31,45,ABSENT,ABSENT
HLASENICMB,unclassified-review-required,pending-unless-covered-in-report,39,24,39,ABSENT,ABSENT
HLASENIHOD,unclassified-review-required,pending-unless-covered-in-report,0,0,0,ABSENT,ABSENT
HLASENIPOL,unclassified-review-required,pending-unless-covered-in-report,4063,2640,4063,ABSENT,ABSENT
ICZUJ,unclassified-review-required,pending-unless-covered-in-report,0,0,0,ABSENT,ABSENT
INSTFILE,unclassified-review-required,pending-unless-covered-in-report,ABSENT,ABSENT,ABSENT,ABSENT,2
INTDOK,cash-accounting,pending-unless-covered-in-report,0,0,0,ABSENT,ABSENT
INTDOKPOL,cash-accounting,pending-unless-covered-in-report,0,0,0,ABSENT,ABSENT
INTDOKTOT,cash-accounting,pending-unless-covered-in-report,0,0,0,ABSENT,ABSENT
INTRASTAT,unclassified-review-required,pending-unless-covered-in-report,0,0,0,ABSENT,ABSENT
INTRASTATP,unclassified-review-required,pending-unless-covered-in-report,0,0,0,ABSENT,ABSENT
INVUC,unclassified-review-required,pending-unless-covered-in-report,0,0,0,ABSENT,ABSENT
INVUCPAR,unclassified-review-required,pending-unless-covered-in-report,0,0,0,ABSENT,ABSENT
INVUCPOL,unclassified-review-required,pending-unless-covered-in-report,0,0,0,ABSENT,ABSENT
JAZDY,vehicles,pending-unless-covered-in-report,2,0,2,ABSENT,ABSENT
KODYBANK,unclassified-review-required,pending-unless-covered-in-report,34,32,34,ABSENT,ABSENT
KONTAKTY,unclassified-review-required,pending-unless-covered-in-report,11,0,11,ABSENT,ABSENT
KRAJE,unclassified-review-required,pending-unless-covered-in-report,8,8,8,ABSENT,ABSENT
KSYMBOL,unclassified-review-required,pending-unless-covered-in-report,19,19,19,ABSENT,ABSENT
KURZY,unclassified-review-required,pending-unless-covered-in-report,0,0,0,ABSENT,ABSENT
KURZYCEL,unclassified-review-required,pending-unless-covered-in-report,0,0,0,ABSENT,ABSENT
MAJET,assets-payroll,pending-unless-covered-in-report,0,0,0,ABSENT,ABSENT
MENY,unclassified-review-required,pending-unless-covered-in-report,182,182,182,ABSENT,ABSENT
MERJEDN,unclassified-review-required,pending-unless-covered-in-report,22,19,23,ABSENT,ABSENT
MOARCHIV,fiscal-pos,pending-unless-covered-in-report,56345,3565,62101,ABSENT,ABSENT
MOATOTAL,fiscal-pos,pending-unless-covered-in-report,125652,10698,131414,ABSENT,ABSENT
MODILOG,fiscal-pos,pending-unless-covered-in-report,0,0,0,ABSENT,ABSENT
MOHOTOVOST,fiscal-pos,pending-unless-covered-in-report,2,0,2,ABSENT,ABSENT
MOJMENA,fiscal-pos,pending-unless-covered-in-report,1,1,1,ABSENT,ABSENT
MONAST,fiscal-pos,pending-unless-covered-in-report,606,25,740,ABSENT,ABSENT
MOPLATBY,fiscal-pos,pending-unless-covered-in-report,56225,3506,61986,ABSENT,ABSENT
MORUCET,fiscal-pos,pending-unless-covered-in-report,0,0,0,ABSENT,ABSENT
MOTOTAL,fiscal-pos,pending-unless-covered-in-report,2209,0,2658,ABSENT,ABSENT
MOUCET,fiscal-pos,pending-unless-covered-in-report,2,2,3,ABSENT,ABSENT
MOUCETPOL,fiscal-pos,pending-unless-covered-in-report,0,0,1,ABSENT,ABSENT
MOUZAVERKY,fiscal-pos,pending-unless-covered-in-report,3171,260,3622,ABSENT,ABSENT
MOVYRCIS,fiscal-pos,pending-unless-covered-in-report,0,0,0,ABSENT,ABSENT
MOZBOZI,fiscal-pos,pending-unless-covered-in-report,0,0,0,ABSENT,ABSENT
MXCINNOST,assets-payroll,pending-unless-covered-in-report,0,ABSENT,0,ABSENT,ABSENT
MXCINNOSTDET,assets-payroll,pending-unless-covered-in-report,0,ABSENT,0,ABSENT,ABSENT
MXDAVKY,assets-payroll,pending-unless-covered-in-report,0,0,0,ABSENT,ABSENT
MXDAVKYDRUH,assets-payroll,pending-unless-covered-in-report,7,5,7,ABSENT,ABSENT
MXDDSZAM,assets-payroll,pending-unless-covered-in-report,0,0,0,ABSENT,ABSENT
MXDOCHAZKA,assets-payroll,pending-unless-covered-in-report,0,0,0,ABSENT,ABSENT
MXDOCHDOBY,assets-payroll,pending-unless-covered-in-report,0,0,0,ABSENT,ABSENT
MXDOCHUC,assets-payroll,pending-unless-covered-in-report,0,0,0,ABSENT,ABSENT
MXDRUHCINOSSZ,assets-payroll,pending-unless-covered-in-report,1,1,1,ABSENT,ABSENT
MXDRUHYPOM,assets-payroll,pending-unless-covered-in-report,19,17,19,ABSENT,ABSENT
MXELDP,assets-payroll,pending-unless-covered-in-report,0,0,0,ABSENT,ABSENT
MXELDPDET,assets-payroll,pending-unless-covered-in-report,0,0,0,ABSENT,ABSENT
MXEVIDSTAV,assets-payroll,pending-unless-covered-in-report,1,1,1,ABSENT,ABSENT
MXEXEK,assets-payroll,pending-unless-covered-in-report,0,0,0,ABSENT,ABSENT
MXFOTO,assets-payroll,pending-unless-covered-in-report,0,0,0,ABSENT,ABSENT
MXHROZN,assets-payroll,pending-unless-covered-in-report,0,0,0,ABSENT,ABSENT
MXICSE,assets-payroll,pending-unless-covered-in-report,0,0,0,ABSENT,ABSENT
MXIDMZDC,assets-payroll,pending-unless-covered-in-report,342,311,342,ABSENT,ABSENT
MXIDOSOB,assets-payroll,pending-unless-covered-in-report,0,0,0,ABSENT,ABSENT
MXIDPOMERU,assets-payroll,pending-unless-covered-in-report,0,0,0,ABSENT,ABSENT
MXIMPDOCHKODY,assets-payroll,pending-unless-covered-in-report,0,ABSENT,0,ABSENT,ABSENT
MXISPMZD,assets-payroll,pending-unless-covered-in-report,0,0,0,ABSENT,ABSENT
MXISPOLDET,assets-payroll,pending-unless-covered-in-report,0,0,0,ABSENT,ABSENT
MXISPRUC,assets-payroll,pending-unless-covered-in-report,0,0,0,ABSENT,ABSENT
MXKALVY,assets-payroll,pending-unless-covered-in-report,0,0,0,ABSENT,ABSENT
MXKODZAM,assets-payroll,pending-unless-covered-in-report,3672,3672,3672,ABSENT,ABSENT
MXLAU,assets-payroll,pending-unless-covered-in-report,0,0,0,ABSENT,ABSENT
MXMISTAVYKONU,assets-payroll,pending-unless-covered-in-report,0,ABSENT,0,ABSENT,ABSENT
MXMZDCIS,assets-payroll,pending-unless-covered-in-report,887,796,887,ABSENT,ABSENT
MXMZDY,assets-payroll,pending-unless-covered-in-report,0,0,0,ABSENT,ABSENT
MXMZDYPOL,assets-payroll,pending-unless-covered-in-report,0,0,0,ABSENT,ABSENT
MXNOTIFIKACEPN,assets-payroll,pending-unless-covered-in-report,0,0,0,ABSENT,ABSENT
MXOBCE,assets-payroll,pending-unless-covered-in-report,2937,ABSENT,2937,ABSENT,ABSENT
MXOBDOBI,assets-payroll,pending-unless-covered-in-report,0,0,0,ABSENT,ABSENT
MXODBORZVAZY,assets-payroll,pending-unless-covered-in-report,47,47,47,ABSENT,ABSENT
MXODVETVIA,assets-payroll,pending-unless-covered-in-report,88,88,88,ABSENT,ABSENT
MXODVODY,assets-payroll,pending-unless-covered-in-report,16,16,16,ABSENT,ABSENT
MXOKEC,assets-payroll,pending-unless-covered-in-report,803,803,803,ABSENT,ABSENT
MXOKRCSSZ,assets-payroll,pending-unless-covered-in-report,80,82,80,ABSENT,ABSENT
MXOSOBY,assets-payroll,pending-unless-covered-in-report,0,0,0,ABSENT,ABSENT
MXPLATBY,assets-payroll,pending-unless-covered-in-report,0,0,0,ABSENT,ABSENT
MXPOMERPOL,assets-payroll,pending-unless-covered-in-report,0,0,0,ABSENT,ABSENT
MXPOMERY,assets-payroll,pending-unless-covered-in-report,0,0,0,ABSENT,ABSENT
MXPRACE,assets-payroll,pending-unless-covered-in-report,0,0,0,ABSENT,ABSENT
MXPRACKAL,assets-payroll,pending-unless-covered-in-report,5,5,5,ABSENT,ABSENT
MXPRACKDET,assets-payroll,pending-unless-covered-in-report,55,55,55,ABSENT,ABSENT
MXPRAVFOR,assets-payroll,pending-unless-covered-in-report,50,50,50,ABSENT,ABSENT
MXREGLISTY,assets-payroll,pending-unless-covered-in-report,0,0,0,ABSENT,ABSENT
MXRODPRISL,assets-payroll,pending-unless-covered-in-report,0,0,0,ABSENT,ABSENT
MXRODSTAV,assets-payroll,pending-unless-covered-in-report,6,6,6,ABSENT,ABSENT
MXSADYMC,assets-payroll,pending-unless-covered-in-report,0,0,0,ABSENT,ABSENT
MXSADYMCPOL,assets-payroll,pending-unless-covered-in-report,0,0,0,ABSENT,ABSENT
MXSMENY,assets-payroll,pending-unless-covered-in-report,8,8,8,ABSENT,ABSENT
MXSTATVYKDEFPOL,assets-payroll,pending-unless-covered-in-report,0,0,0,ABSENT,ABSENT
MXTESTYCOVID,assets-payroll,pending-unless-covered-in-report,0,ABSENT,0,ABSENT,ABSENT
MXTYPSML,assets-payroll,pending-unless-covered-in-report,4,4,4,ABSENT,ABSENT
MXUZAVDET,assets-payroll,pending-unless-covered-in-report,0,0,0,ABSENT,ABSENT
MXUZAVPOI,assets-payroll,pending-unless-covered-in-report,0,0,0,ABSENT,ABSENT
MXUZIVDOCH,assets-payroll,pending-unless-covered-in-report,0,0,0,ABSENT,ABSENT
MXUZIVDOCHDET,assets-payroll,pending-unless-covered-in-report,0,0,0,ABSENT,ABSENT
MXUZIVNAST,assets-payroll,pending-unless-covered-in-report,0,0,0,ABSENT,ABSENT
MXVYCHOZI,assets-payroll,pending-unless-covered-in-report,5,5,5,ABSENT,ABSENT
MXVYCHPOL,assets-payroll,pending-unless-covered-in-report,711,657,711,ABSENT,ABSENT
MXVYKONY,assets-payroll,pending-unless-covered-in-report,0,0,0,ABSENT,ABSENT
MXVZDELANI,assets-payroll,pending-unless-covered-in-report,12,12,12,ABSENT,ABSENT
MXVZNEPRPRIJ,assets-payroll,pending-unless-covered-in-report,0,0,0,ABSENT,ABSENT
MXZAUCDET,assets-payroll,pending-unless-covered-in-report,0,0,0,ABSENT,ABSENT
MXZAUCSAB,assets-payroll,pending-unless-covered-in-report,0,0,0,ABSENT,ABSENT
MXZMPLATZPOI,assets-payroll,pending-unless-covered-in-report,0,0,0,ABSENT,ABSENT
OBAL,unclassified-review-required,pending-unless-covered-in-report,1,0,1,ABSENT,ABSENT
OBALPOL,unclassified-review-required,pending-unless-covered-in-report,2,0,2,ABSENT,ABSENT
OBALVYKAZ,unclassified-review-required,pending-unless-covered-in-report,0,0,0,ABSENT,ABSENT
OBALVYKAZP,unclassified-review-required,pending-unless-covered-in-report,0,0,0,ABSENT,ABSENT
OBDOBI,unclassified-review-required,pending-unless-covered-in-report,15,2,16,ABSENT,ABSENT
OBJPR,orders-quotes,pending-unless-covered-in-report,1312,1,1984,ABSENT,ABSENT
OBJPRPOL,orders-quotes,pending-unless-covered-in-report,4219,1,6177,ABSENT,ABSENT
OBJPRTOTAL,orders-quotes,pending-unless-covered-in-report,1918,3,2584,ABSENT,ABSENT
OBJVY,orders-quotes,pending-unless-covered-in-report,4599,320,5559,ABSENT,ABSENT
OBJVYPOL,orders-quotes,pending-unless-covered-in-report,21685,1165,26738,ABSENT,ABSENT
OBJVYTOTAL,orders-quotes,pending-unless-covered-in-report,8884,768,9199,ABSENT,ABSENT
OBRAZFIR,unclassified-review-required,pending-unless-covered-in-report,ABSENT,ABSENT,ABSENT,0,ABSENT
OBRAZKY,unclassified-review-required,pending-unless-covered-in-report,ABSENT,ABSENT,ABSENT,0,ABSENT
OPRAVTOTAL,unclassified-review-required,pending-unless-covered-in-report,0,0,0,ABSENT,ABSENT
OPRAVY,unclassified-review-required,pending-unless-covered-in-report,0,0,0,ABSENT,ABSENT
OPRAVYACT,unclassified-review-required,pending-unless-covered-in-report,0,0,0,ABSENT,ABSENT
OPRAVYMAT,unclassified-review-required,pending-unless-covered-in-report,0,0,0,ABSENT,ABSENT
OPRCISACT,unclassified-review-required,pending-unless-covered-in-report,0,0,0,ABSENT,ABSENT
OPRCISOSB,unclassified-review-required,pending-unless-covered-in-report,0,0,0,ABSENT,ABSENT
OPRZARDOKL,unclassified-review-required,pending-unless-covered-in-report,0,0,0,ABSENT,ABSENT
OSNOVA,unclassified-review-required,pending-unless-covered-in-report,4,4,4,ABSENT,ABSENT
OSPOH,cash-accounting,pending-unless-covered-in-report,8519,0,8632,ABSENT,ABSENT
OSPOHPOL,cash-accounting,pending-unless-covered-in-report,8519,0,8632,ABSENT,ABSENT
OSPOHSPL,cash-accounting,pending-unless-covered-in-report,0,0,0,ABSENT,ABSENT
OSPOHTOTAL,cash-accounting,pending-unless-covered-in-report,9567,0,9680,ABSENT,ABSENT
OSPOHUHR,cash-accounting,pending-unless-covered-in-report,0,0,0,ABSENT,ABSENT
OSZAV,cash-accounting,pending-unless-covered-in-report,0,0,0,ABSENT,ABSENT
OSZAVPOL,cash-accounting,pending-unless-covered-in-report,0,0,0,ABSENT,ABSENT
OSZAVSPL,cash-accounting,pending-unless-covered-in-report,0,0,0,ABSENT,ABSENT
OSZAVTOTAL,cash-accounting,pending-unless-covered-in-report,0,0,0,ABSENT,ABSENT
OSZAVUHR,cash-accounting,pending-unless-covered-in-report,0,0,0,ABSENT,ABSENT
O_BARVA,unclassified-review-required,pending-unless-covered-in-report,4,ABSENT,4,ABSENT,ABSENT
O_CENY,unclassified-review-required,pending-unless-covered-in-report,541,541,541,ABSENT,ABSENT
O_JEDNOTKY,unclassified-review-required,pending-unless-covered-in-report,3,3,3,ABSENT,ABSENT
O_KOMPOZIT,unclassified-review-required,pending-unless-covered-in-report,7,ABSENT,7,ABSENT,ABSENT
O_KOVY,unclassified-review-required,pending-unless-covered-in-report,2,2,2,ABSENT,ABSENT
O_MATERIAL,unclassified-review-required,pending-unless-covered-in-report,15,13,15,ABSENT,ABSENT
O_OBJEM,unclassified-review-required,pending-unless-covered-in-report,3,ABSENT,3,ABSENT,ABSENT
O_OBSAH,unclassified-review-required,pending-unless-covered-in-report,2,ABSENT,2,ABSENT,ABSENT
O_ODMENY,unclassified-review-required,pending-unless-covered-in-report,5,5,5,ABSENT,ABSENT
O_PLASTY,unclassified-review-required,pending-unless-covered-in-report,9,6,9,ABSENT,ABSENT
O_POUZITI,unclassified-review-required,pending-unless-covered-in-report,2,2,2,ABSENT,ABSENT
O_PUVOD,unclassified-review-required,pending-unless-covered-in-report,3,3,3,ABSENT,ABSENT
O_SPEC_EV,unclassified-review-required,pending-unless-covered-in-report,4,2,4,ABSENT,ABSENT
O_SUROVINA,unclassified-review-required,pending-unless-covered-in-report,2,ABSENT,2,ABSENT,ABSENT
O_TYPOBALU,unclassified-review-required,pending-unless-covered-in-report,4,4,4,ABSENT,ABSENT
O_VYRAZENI,unclassified-review-required,pending-unless-covered-in-report,6,3,6,ABSENT,ABSENT
PALIVA,unclassified-review-required,pending-unless-covered-in-report,0,0,0,ABSENT,ABSENT
PAYTITLE,unclassified-review-required,pending-unless-covered-in-report,169,169,169,ABSENT,ABSENT
PCARKODY,unclassified-review-required,pending-unless-covered-in-report,2,2,2,ABSENT,ABSENT
PDPOCSTAVY,unclassified-review-required,pending-unless-covered-in-report,0,0,0,ABSENT,ABSENT
PDPOHYBY,unclassified-review-required,pending-unless-covered-in-report,26,26,26,ABSENT,ABSENT
PDPREDKONT,unclassified-review-required,pending-unless-covered-in-report,0,0,0,ABSENT,ABSENT
PDTYPYPS,unclassified-review-required,pending-unless-covered-in-report,1,1,1,ABSENT,ABSENT
PDVYKAZY,unclassified-review-required,pending-unless-covered-in-report,0,0,0,ABSENT,ABSENT
PDVYKAZYP,unclassified-review-required,pending-unless-covered-in-report,0,0,0,ABSENT,ABSENT
PDVYKAZYPV,unclassified-review-required,pending-unless-covered-in-report,0,0,0,ABSENT,ABSENT
PDVYKAZYUZ,unclassified-review-required,pending-unless-covered-in-report,0,0,0,ABSENT,ABSENT
PDVYKPVP,unclassified-review-required,pending-unless-covered-in-report,0,0,0,ABSENT,ABSENT
PDVYKUZP,unclassified-review-required,pending-unless-covered-in-report,0,0,0,ABSENT,ABSENT
PENDE,cash-accounting,pending-unless-covered-in-report,23769,1696,3817,ABSENT,ABSENT
PENDEPOL,cash-accounting,pending-unless-covered-in-report,23771,1698,3817,ABSENT,ABSENT
PEVIDLISTKY,unclassified-review-required,pending-unless-covered-in-report,0,0,0,ABSENT,ABSENT
PEVIDPOLOZKY,unclassified-review-required,pending-unless-covered-in-report,0,0,0,ABSENT,ABSENT
PGEIS_DOPR,unclassified-review-required,pending-unless-covered-in-report,0,0,0,ABSENT,ABSENT
PHM,unclassified-review-required,pending-unless-covered-in-report,1,0,1,ABSENT,ABSENT
PLATIDLA,unclassified-review-required,pending-unless-covered-in-report,15,15,15,ABSENT,ABSENT
PLKARTY,unclassified-review-required,pending-unless-covered-in-report,6,6,6,ABSENT,ABSENT
POCZOS,unclassified-review-required,pending-unless-covered-in-report,0,0,0,ABSENT,ABSENT
POKL,cash-accounting,pending-unless-covered-in-report,207,16,19,ABSENT,ABSENT
POKLPOL,cash-accounting,pending-unless-covered-in-report,207,16,19,ABSENT,ABSENT
POKLTOTAL,cash-accounting,pending-unless-covered-in-report,351,33,19,ABSENT,ABSENT
POLFAK,unclassified-review-required,pending-unless-covered-in-report,15,0,15,ABSENT,ABSENT
POLUCDE,unclassified-review-required,pending-unless-covered-in-report,0,0,0,ABSENT,ABSENT
POSINFO,unclassified-review-required,pending-unless-covered-in-report,190,48,203,ABSENT,ABSENT
POSTCFG,unclassified-review-required,pending-unless-covered-in-report,0,0,0,ABSENT,ABSENT
PPOUKAZKY,unclassified-review-required,pending-unless-covered-in-report,0,0,0,ABSENT,ABSENT
PPOUKSAZBA,unclassified-review-required,pending-unless-covered-in-report,6,6,6,ABSENT,ABSENT
PPOZADSLUZBY,unclassified-review-required,pending-unless-covered-in-report,6,6,6,ABSENT,ABSENT
PPREPRAVCI,unclassified-review-required,pending-unless-covered-in-report,11,11,11,ABSENT,ABSENT
PPRIJPOSTA,unclassified-review-required,pending-unless-covered-in-report,0,0,0,ABSENT,ABSENT
PPRIJPOSTPRIL,unclassified-review-required,pending-unless-covered-in-report,0,0,0,ABSENT,ABSENT
PRACZARAZ,unclassified-review-required,pending-unless-covered-in-report,14,14,14,ABSENT,ABSENT
PREDLFIR,unclassified-review-required,pending-unless-covered-in-report,ABSENT,ABSENT,ABSENT,0,ABSENT
PREDLOHY,unclassified-review-required,pending-unless-covered-in-report,ABSENT,ABSENT,ABSENT,10,ABSENT
PRIKUHR,unclassified-review-required,pending-unless-covered-in-report,7,5,0,ABSENT,ABSENT
PRIKUHRPOL,unclassified-review-required,pending-unless-covered-in-report,7,5,0,ABSENT,ABSENT
PRIKUHRPOLZ,unclassified-review-required,pending-unless-covered-in-report,0,0,0,ABSENT,ABSENT
PROFILY,unclassified-review-required,pending-unless-covered-in-report,9,0,10,ABSENT,ABSENT
PROFILYP,unclassified-review-required,pending-unless-covered-in-report,55,0,55,ABSENT,ABSENT
PROJEKTKON,unclassified-review-required,pending-unless-covered-in-report,0,0,0,ABSENT,ABSENT
PROJEKTUSR,unclassified-review-required,pending-unless-covered-in-report,0,0,0,ABSENT,ABSENT
PROJEKTY,unclassified-review-required,pending-unless-covered-in-report,0,0,0,ABSENT,ABSENT
PSC,unclassified-review-required,pending-unless-covered-in-report,1520,1520,1520,ABSENT,ABSENT
PSEZSLUZEB,unclassified-review-required,pending-unless-covered-in-report,11,11,11,ABSENT,ABSENT
PSKUPINYZASIL,unclassified-review-required,pending-unless-covered-in-report,0,0,0,ABSENT,ABSENT
PTYPUDCENY,unclassified-review-required,pending-unless-covered-in-report,3,3,3,ABSENT,ABSENT
PTYPYOBALEK,unclassified-review-required,pending-unless-covered-in-report,3,3,3,ABSENT,ABSENT
PTYPYPOUKAZ,unclassified-review-required,pending-unless-covered-in-report,1,1,1,ABSENT,ABSENT
PTYPYPRIJPOSTY,unclassified-review-required,pending-unless-covered-in-report,0,0,0,ABSENT,ABSENT
PTYPYZASIL,unclassified-review-required,pending-unless-covered-in-report,12,12,12,ABSENT,ABSENT
PUDANACENA,unclassified-review-required,pending-unless-covered-in-report,0,0,0,ABSENT,ABSENT
PVYRIZOVATELE,unclassified-review-required,pending-unless-covered-in-report,0,0,0,ABSENT,ABSENT
PZAKKARTY,unclassified-review-required,pending-unless-covered-in-report,0,0,0,ABSENT,ABSENT
PZAKKARTYP,unclassified-review-required,pending-unless-covered-in-report,0,0,0,ABSENT,ABSENT
PZASILCENIK,unclassified-review-required,pending-unless-covered-in-report,3,3,3,ABSENT,ABSENT
PZASILKY,unclassified-review-required,pending-unless-covered-in-report,0,0,0,ABSENT,ABSENT
PZASILSAZBY,unclassified-review-required,pending-unless-covered-in-report,16,16,16,ABSENT,ABSENT
SAZBYDPH,unclassified-review-required,pending-unless-covered-in-report,169,166,173,ABSENT,ABSENT
SAZEBNIK,unclassified-review-required,pending-unless-covered-in-report,23114,0,23114,ABSENT,ABSENT
SKDRUPOH,inventory,pending-unless-covered-in-report,16,10,16,ABSENT,ABSENT
SKDRUPOHZ,inventory,pending-unless-covered-in-report,0,0,0,ABSENT,ABSENT
SKISCO,inventory,pending-unless-covered-in-report,3067,2147,3067,ABSENT,ABSENT
SKKAR,inventory,pending-unless-covered-in-report,9013,1218,10638,ABSENT,ABSENT
SKKARCEN,inventory,pending-unless-covered-in-report,0,0,0,ABSENT,ABSENT
SKKARDET,inventory,pending-unless-covered-in-report,3,2,3,ABSENT,ABSENT
SKKARDOD,inventory,pending-unless-covered-in-report,44,9,45,ABSENT,ABSENT
SKKAREAN,inventory,pending-unless-covered-in-report,90,0,112,ABSENT,ABSENT
SKKARFIFO,inventory,pending-unless-covered-in-report,0,0,0,ABSENT,ABSENT
SKKARINV,inventory,pending-unless-covered-in-report,20,2,22,ABSENT,ABSENT
SKKARINVP,inventory,pending-unless-covered-in-report,86139,2424,100404,ABSENT,ABSENT
SKKARKAT,inventory,pending-unless-covered-in-report,5,4,5,ABSENT,ABSENT
SKKARKATEX,inventory,pending-unless-covered-in-report,0,0,0,ABSENT,ABSENT
SKKARKOD1,inventory,pending-unless-covered-in-report,39,0,39,ABSENT,ABSENT
SKKARKOD2,inventory,pending-unless-covered-in-report,1,0,1,ABSENT,ABSENT
SKKARKOD3,inventory,pending-unless-covered-in-report,0,0,0,ABSENT,ABSENT
SKKARKUS,inventory,pending-unless-covered-in-report,2,0,4,ABSENT,ABSENT
SKKARMAXZL,inventory,pending-unless-covered-in-report,0,0,0,ABSENT,ABSENT
SKKARMJ2,inventory,pending-unless-covered-in-report,0,0,0,ABSENT,ABSENT
SKKARPOL,inventory,pending-unless-covered-in-report,1,0,1,ABSENT,ABSENT
SKKARREL,inventory,pending-unless-covered-in-report,0,0,0,ABSENT,ABSENT
SKKARSKU,inventory,pending-unless-covered-in-report,24,6,29,ABSENT,ABSENT
SKKARSTA,inventory,pending-unless-covered-in-report,62800,3155,75831,ABSENT,ABSENT
SKKARVAT,inventory,pending-unless-covered-in-report,0,0,0,ABSENT,ABSENT
SKKARZAM,inventory,pending-unless-covered-in-report,0,0,0,ABSENT,ABSENT
SKLADY,inventory,pending-unless-covered-in-report,10,7,10,ABSENT,ABSENT
SKPOH,inventory,pending-unless-covered-in-report,123425,8330,75155,ABSENT,ABSENT
SKPOHPOL,inventory,pending-unless-covered-in-report,266634,16274,124059,ABSENT,ABSENT
SKPOHREF,inventory,pending-unless-covered-in-report,25905,2064,5352,ABSENT,ABSENT
SKPOHTOTAL,inventory,pending-unless-covered-in-report,266507,22556,144475,ABSENT,ABSENT
SKRECYKL,inventory,pending-unless-covered-in-report,0,0,0,ABSENT,ABSENT
SKRECYKLPOL,inventory,pending-unless-covered-in-report,0,0,0,ABSENT,ABSENT
SMLOUVYPR,unclassified-review-required,pending-unless-covered-in-report,0,0,0,ABSENT,ABSENT
SMLOUVYVY,unclassified-review-required,pending-unless-covered-in-report,0,0,0,ABSENT,ABSENT
SPOLNAST,access-configuration,pending-unless-covered-in-report,ABSENT,ABSENT,ABSENT,3,ABSENT
SPOSDOPR,unclassified-review-required,pending-unless-covered-in-report,6,3,6,3,ABSENT
SPOTRDAN,unclassified-review-required,pending-unless-covered-in-report,1,0,1,ABSENT,ABSENT
SPOTRDANP,unclassified-review-required,pending-unless-covered-in-report,1,0,1,ABSENT,ABSENT
STALEPL,unclassified-review-required,pending-unless-covered-in-report,0,0,0,ABSENT,ABSENT
STATY,unclassified-review-required,pending-unless-covered-in-report,238,238,238,ABSENT,ABSENT
STRAVNE,unclassified-review-required,pending-unless-covered-in-report,28,28,28,ABSENT,ABSENT
STREDIS,unclassified-review-required,pending-unless-covered-in-report,22,9,23,ABSENT,ABSENT
SVCLOG,unclassified-review-required,pending-unless-covered-in-report,0,0,0,ABSENT,ABSENT
SZN,unclassified-review-required,pending-unless-covered-in-report,20,20,20,ABSENT,ABSENT
TRANSAKCE,unclassified-review-required,pending-unless-covered-in-report,22,22,22,ABSENT,ABSENT
TRASY,unclassified-review-required,pending-unless-covered-in-report,190,189,190,ABSENT,ABSENT
TYPAKTIVIT,unclassified-review-required,pending-unless-covered-in-report,0,0,0,ABSENT,ABSENT
TYPDOKL,unclassified-review-required,pending-unless-covered-in-report,6,6,6,ABSENT,ABSENT
TYPPROJEKT,unclassified-review-required,pending-unless-covered-in-report,0,0,0,ABSENT,ABSENT
TYPYDPH,unclassified-review-required,pending-unless-covered-in-report,76,76,76,ABSENT,ABSENT
TYPYPLN,unclassified-review-required,pending-unless-covered-in-report,4,4,4,ABSENT,ABSENT
TYPYPOL,unclassified-review-required,pending-unless-covered-in-report,13,13,13,ABSENT,ABSENT
TYPYPZ,unclassified-review-required,pending-unless-covered-in-report,3,3,3,ABSENT,ABSENT
UCDE,cash-accounting,pending-unless-covered-in-report,0,0,0,ABSENT,ABSENT
UCDEPOL,cash-accounting,pending-unless-covered-in-report,0,0,0,ABSENT,ABSENT
UCDEPOLLOG,cash-accounting,pending-unless-covered-in-report,0,0,0,ABSENT,ABSENT
UHRADY,unclassified-review-required,pending-unless-covered-in-report,6,3,6,3,ABSENT
UPGRLOG,unclassified-review-required,pending-unless-covered-in-report,0,0,0,0,ABSENT
USRSRIGHTS,access-configuration,pending-unless-covered-in-report,1554,511,1928,ABSENT,ABSENT
UZIVNAST,unclassified-review-required,pending-unless-covered-in-report,1207,346,1423,ABSENT,ABSENT
VER,unclassified-review-required,pending-unless-covered-in-report,1,1,1,1,1
VODICI,unclassified-review-required,pending-unless-covered-in-report,1,0,1,ABSENT,ABSENT
VYKAZY,unclassified-review-required,pending-unless-covered-in-report,21,21,21,ABSENT,ABSENT
VYKAZYP,unclassified-review-required,pending-unless-covered-in-report,1440,1440,1440,ABSENT,ABSENT
VYKAZYP2,unclassified-review-required,pending-unless-covered-in-report,0,0,0,ABSENT,ABSENT
VYKAZYP3,unclassified-review-required,pending-unless-covered-in-report,0,0,0,ABSENT,ABSENT
VYKAZYP4,unclassified-review-required,pending-unless-covered-in-report,0,0,0,ABSENT,ABSENT
VZOST,unclassified-review-required,pending-unless-covered-in-report,ABSENT,ABSENT,ABSENT,5,ABSENT
VZOSTFIL,unclassified-review-required,pending-unless-covered-in-report,ABSENT,ABSENT,ABSENT,0,ABSENT
VZOSTPOL,unclassified-review-required,pending-unless-covered-in-report,ABSENT,ABSENT,ABSENT,35,ABSENT
XLOCK,unclassified-review-required,pending-unless-covered-in-report,ABSENT,ABSENT,ABSENT,ABSENT,0
XLOCKINFO,unclassified-review-required,pending-unless-covered-in-report,ABSENT,ABSENT,ABSENT,ABSENT,20
ZAKAZKA,unclassified-review-required,pending-unless-covered-in-report,2,1,2,ABSENT,ABSENT
ZAPOCPOL,cash-accounting,pending-unless-covered-in-report,71,0,101,ABSENT,ABSENT
ZAPOCTY,cash-accounting,pending-unless-covered-in-report,30,0,44,ABSENT,ABSENT
ZVLPOH,unclassified-review-required,pending-unless-covered-in-report,13,13,13,ABSENT,ABSENT
